State,District,Overall_MAI_entropy,Overall_MAI_judgment,Overall_MAI_equal_weight,Rank_entropy,Rank_judgment,Rank_Diff_abs,Chronic_MAI,Acute_MAI,Chronic_Acute_Overlap_MAI,Momentum,Future_MAI_3yr,Rank_Current,Rank_Future,Rank_Delta,Cluster_Label,Tier,Population_2011,PatientPool_proxy,PatientPool_x_MAI,Reps_allocated
Andaman & Nicobar Island,Nicobar,0.2714170772602857,0.3884694066343655,0.4530423140100023,183,372,189,0.4689194398578964,0.1575381570655899,0.2717953354409191,0.3400193985212318,0.25738925898134796,183,197,-14,"Small Underserved, Chronic-Leaning",Tier 2,36842.0,21678.480743414493,5883.909882820947,0.0130916773498447
Andaman & Nicobar Island,North & Middle Andaman,0.1895387390945264,0.3384583174978925,0.3781432028543778,361,569,208,0.2633756957141266,0.0869602066050882,0.1513380484678566,0.3353525645883108,0.17481089572565053,361,454,-93,"Small Underserved, Chronic-Leaning",Tier 3,105597.0,48267.28806774561,9148.520919872783,0.0164777275913853
Andaman & Nicobar Island,South Andaman,0.1745710385920304,0.3570353505924875,0.3716054486132529,461,508,47,0.1776741955574883,0.076346813025531,0.1164682728801677,0.3170985536285009,0.15710509357918306,461,537,-76,"Small Underserved, Chronic-Leaning",Tier 3,238142.0,82660.91037678841,14430.200975438696,0.021528718755167
Andhra Pradesh,Anantapur,0.215075924583035,0.4070963888564322,0.4055616956182782,274,285,11,0.1311541561013446,0.0693316777155568,0.0953579450380211,0.3006033904490332,0.1951357050932675,274,360,-86,Mainstream Mid-Tier,Tier 2,4081148.0,1163669.567252113,250277.30808588845,0.2465184879719603
Andhra Pradesh,Chittoor,0.2234886872447752,0.4227123756512208,0.4213983360194931,263,210,53,0.14138774617125,0.077287958874185,0.1045350195455919,0.3107535805788458,0.20507099627447956,263,321,-58,Mainstream Mid-Tier,Tier 2,4174064.0,1262208.9802875374,282089.4280330281,0.2926821290092669
Andhra Pradesh,East Godavari,0.3516077810559749,0.5196323549999806,0.5067580155160395,9,10,1,0.1985040823495364,0.2617162605688042,0.2279292568762568,0.3046834672084978,0.33227957308012707,9,37,-28,Established High-Value,Tier 1,5154296.0,2023640.208877005,711527.6434988932,1.1008586594782384
Andhra Pradesh,Guntur,0.2596527947154933,0.4249745048415578,0.4649372194851422,205,205,0,0.2498308339860164,0.0769549122244938,0.1386568061811824,0.2866241076038275,0.23761568279894493,205,252,-47,Mainstream Mid-Tier,Tier 2,4887813.0,2045693.2582327495,531169.9716307768,0.6439102372932406
Andhra Pradesh,Krishna,0.2668426083478132,0.4393023101857551,0.4618196502985122,196,157,39,0.2428227858887535,0.095436700850369,0.1522307642249692,0.3032183552205175,0.24729463357376835,196,222,-26,Mainstream Mid-Tier,Tier 2,4517398.0,1723544.0517779696,459914.9903787918,0.580991070914095
Andhra Pradesh,Kurnool,0.2170443468988178,0.4199602706649575,0.4272299094895022,271,219,52,0.1340765773297483,0.0716615149734817,0.0980210724992791,0.312583984864976,0.19890121657144172,271,343,-72,Mainstream Mid-Tier,Tier 2,4053463.0,1360547.77368974,295299.2029651302,0.2954762887997823
Andhra Pradesh,Prakasam,0.2448668533289972,0.4359697022989612,0.4649625325736033,238,165,73,0.2105343223742806,0.0853901298516691,0.1340803979922978,0.2227668203322808,0.21325114832171685,238,300,-62,Mainstream Mid-Tier,Tier 2,3397448.0,1448466.7055075811,354681.48432946065,0.4298430851016479
Andhra Pradesh,Sri Potti Sriramulu Nellore,0.2453364897944567,0.4347180584103718,0.4450848630324759,236,167,69,0.209088138864886,0.0906712927250604,0.1376891130204424,0.3152906726665666,0.22759936263731922,236,272,-36,Mainstream Mid-Tier,Tier 2,2963557.0,1089107.5284828271,267197.8180466931,0.3323903090601184
Andhra Pradesh,Srikakulam,0.208106713399076,0.4083829185223285,0.408609799504526,299,281,18,0.1340323370140195,0.0692761237870524,0.0963599541845633,0.2984677301522534,0.1878461448647915,299,390,-91,Mainstream Mid-Tier,Tier 2,2703114.0,794370.0466043582,165313.73962150383,0.1716844378824426
Andhra Pradesh,Visakhapatnam,0.225030548327701,0.4167335996961006,0.4206902189376078,260,233,27,0.1481115454821176,0.0758297071953232,0.1059776161562232,0.3022937613165686,0.20534388446806381,260,319,-59,Mainstream Mid-Tier,Tier 2,4290589.0,1329553.9392854322,299190.2519886557,0.3115282166658054
Andhra Pradesh,Vizianagaram,0.2229471081216821,0.3937036180834075,0.3983635489115715,264,345,81,0.1776556819234807,0.0785960377140012,0.1181652769495527,0.2816634914457026,0.20016590378141502,264,337,-73,Mainstream Mid-Tier,Tier 2,2344474.0,707778.9973824708,157797.28065568546,0.1848242671638974
Andhra Pradesh,West Godavari,0.2647978486199742,0.431848159149455,0.4564682117336452,199,176,23,0.2503159482576,0.0929052228693722,0.1524980621536895,0.2905657212022114,0.2433519787431834,199,233,-34,Mainstream Mid-Tier,Tier 2,3936966.0,1522667.335690254,403199.03465468733,0.5165357447751563
Andhra Pradesh,Y.S.R.,0.2316856258005457,0.4133976421876686,0.4259795391547725,253,253,0,0.1929186774723979,0.0777948484266427,0.1225074661913859,0.2743699572622915,0.20781039133276694,253,314,-61,Mainstream Mid-Tier,Tier 2,2882469.0,998024.1421158962,231227.84793017418,0.2716812145749112
Arunachal Pradesh,Anjaw,0.1504592271551391,0.3307953140462223,0.3687555890710554,604,599,5,0.2448062930353116,0.0885666061573455,0.1472469440772818,0.3432815116422525,0.1369207258443545,604,620,-16,"Small Underserved, Chronic-Leaning",Tier 4,21167.0,10515.220693597576,1582.111978924417,0.0034497769240125
Arunachal Pradesh,Changlang,0.1627817415820305,0.3137646389283631,0.3333185701767927,541,655,114,0.2021012206128201,0.0614113683376624,0.1114060703038442,0.3936509747993685,0.15679865974481327,541,541,0,"Small Underserved, Chronic-Leaning",Tier 4,148226.0,48736.35763588296,7933.389174333718,0.0124697969862656
Arunachal Pradesh,Dibang Valley,0.1109990713688838,0.2776344710857633,0.3181087189692392,699,700,1,0.221396955241811,0.0670492368445646,0.1218379944379981,0.3725073632812644,0.10184444780395097,699,702,-3,"Small Underserved, Chronic-Leaning",Tier 4,8004.0,3385.123696544013,375.74558678518866,0.0009482135793645
Arunachal Pradesh,East Kameng,0.248995939332298,0.3645932018078485,0.3471726555810794,228,478,250,0.2142879117787767,0.226361011016359,0.2202417498087686,0.4271053377838098,0.248031011942747,228,219,9,"Small Underserved, Chronic-Leaning",Tier 2,78690.0,25332.581450162976,6307.709913895278,0.0128446314129357
Arunachal Pradesh,East Siang,0.1429523616957543,0.3537059454241559,0.3647206475038599,635,522,113,0.1846799535462584,0.0730061926172138,0.1161153747836015,0.5735799918086443,0.16395863240992845,635,505,130,"Small Underserved, Chronic-Leaning",Tier 4,49607.0,18848.8450527002,2694.4869155208276,0.0049746576179516
Arunachal Pradesh,Kra Daadi,0.097806538666625,0.2595391219511382,0.2439212700673142,704,705,1,0.1085984309480996,0.0424403145498342,0.0678892596001443,0.5428433525491876,0.11420231349188065,704,680,24,"Small Underserved, Chronic-Leaning",Tier 4,46038.0,9365.81010137968,916.0374678248587,0.0014419515642331
Arunachal Pradesh,Kurung Kumey,0.1354026782446043,0.2932674324175846,0.2872712212746579,659,689,30,0.1808891855538536,0.068242400945161,0.111104960857784,0.544712296496261,0.15207879466192095,659,561,98,"Small Underserved, Chronic-Leaning",Tier 4,46038.0,13134.13025090195,1778.3964123856008,0.0032682300480959
Arunachal Pradesh,Lohit,0.1416322709592217,0.3016513177834887,0.3045816379880453,642,676,34,0.1837251239975736,0.0609954765526359,0.105860292333453,0.5418675082879003,0.15788166914528426,642,533,109,"Small Underserved, Chronic-Leaning",Tier 4,72863.0,21570.74812703172,3055.1140435208804,0.0051809892179996
Arunachal Pradesh,Longding,0.1273337292494046,0.2733389406430661,0.2962604703188108,679,701,22,0.1702326175350776,0.0531791587036036,0.0951463471943497,0.5137771238819835,0.13936956977457962,679,614,65,"Small Underserved, Chronic-Leaning",Tier 4,55987.5,18161.40225440689,2312.559077452173,0.0039607626403833
Arunachal Pradesh,Lower Dibang Valley,0.1315926140444922,0.3036630984164749,0.3265995831763727,668,670,2,0.178350815999243,0.0567311077830999,0.1005884653708211,0.3987381397026069,0.12637260694276076,668,654,14,"Small Underserved, Chronic-Leaning",Tier 4,54080.0,19252.213612226828,2533.449115375884,0.0044409910777892
Arunachal Pradesh,Lower Subansiri,0.154486499690471,0.3570575899821615,0.3671086618146321,586,507,79,0.186058999689309,0.0732971748252983,0.1167801311355978,0.4290664413711149,0.15381573783901575,586,553,33,"Small Underserved, Chronic-Leaning",Tier 4,83030.0,30835.365524169545,4763.647686505179,0.0081926734500808
Arunachal Pradesh,Namsai,0.1562469033459303,0.3156496738056899,0.3329720789795486,578,651,73,0.2038873242574191,0.0762129499905021,0.1246549415279153,0.5409474934573664,0.17235829930741278,578,468,110,"Small Underserved, Chronic-Leaning",Tier 4,72863.0,25335.131745917075,3958.5358811607157,0.0070195206201544
Arunachal Pradesh,Papum Pare,0.1622346573013276,0.3395687244142143,0.3405252923254842,547,566,19,0.1777844730658083,0.0648751651800249,0.1073955169296559,0.3450227845278987,0.1489573469233899,547,573,-26,"Small Underserved, Chronic-Leaning",Tier 4,176573.0,53643.06467367023,8702.764213925844,0.0131528944498926
Arunachal Pradesh,Siang,0.132587172279392,0.3077043218841624,0.3218831942371777,667,659,8,0.1923728658046867,0.0514226080301071,0.099460114990396,0.5423125325879172,0.14890332411045712,667,574,93,"Small Underserved, Chronic-Leaning",Tier 4,49607.0,16378.668624454527,2171.601358617625,0.0038943010184617
Arunachal Pradesh,Tawang,0.2778108549561409,0.4265334319227054,0.3783878135764703,161,197,36,0.2044817470881835,0.2988021118707187,0.2471832880050013,0.5080379938377808,0.28898582597468553,161,120,41,"Small Underserved, Chronic-Leaning",Tier 1,49977.0,16801.7774016513,4667.716144735515,0.0101457825671734
Arunachal Pradesh,Tirap,0.1240203363310918,0.3064393368503931,0.311045400527525,685,664,21,0.1516843567096432,0.0570379482689752,0.0930148616685389,0.5444385112619894,0.1406553849632677,685,608,77,"Small Underserved, Chronic-Leaning",Tier 4,55987.5,18002.86141786792,2232.7209279660156,0.0037756556899917
Arunachal Pradesh,Upper Siang,0.1242105904829901,0.3030267187455404,0.3166275937481186,684,672,12,0.1838181160209074,0.0555285722335538,0.1010304782395032,0.4060393518380861,0.12008576520158053,684,671,13,"Small Underserved, Chronic-Leaning",Tier 4,35320.0,12151.83819279589,1509.386997380929,0.0028515272976466
Arunachal Pradesh,Upper Subansiri,0.1783447197840052,0.3286193509887976,0.3464627408241407,442,606,164,0.2420273471461896,0.0868271747661988,0.1449639636905037,0.3410630229253286,0.16447344516568202,442,500,-58,"Small Underserved, Chronic-Leaning",Tier 3,83448.0,30216.792147819106,5389.005328374327,0.0098395461962956
Arunachal Pradesh,West Kameng,0.1403601014895843,0.3212722679122769,0.3042400591873044,647,632,15,0.1520264571578373,0.0707474251769831,0.1037086322477349,0.4042737544583852,0.1359704366012196,647,623,24,"Small Underserved, Chronic-Leaning",Tier 4,83947.0,22377.38087208548,3140.8914502770003,0.0051346936635407
Arunachal Pradesh,West Siang,0.1627860284568968,0.3415076039259733,0.3669986375138468,540,557,17,0.2008570706339554,0.0715085420876526,0.1198457186929546,0.5456799411314526,0.1796072915694922,540,426,114,"Small Underserved, Chronic-Leaning",Tier 4,112274.0,43811.6401472767,7131.9228997579075,0.0118562468000016
Assam,Baksa,0.188094727077935,0.3826070084503098,0.3927863215983489,370,403,33,0.1491303548164963,0.0650278215365571,0.0984765053131485,0.3600557068363291,0.1770723550462619,370,441,-71,Mainstream Mid-Tier,Tier 3,950075.0,305271.7706929613,57420.01039309051,0.0675039896026643
Assam,Barpeta,0.1753979646368417,0.3553350037635207,0.3453715876179912,452,515,63,0.0922807003347794,0.0530853603657576,0.0699911010920406,0.3436593641605791,0.16191614120380607,452,520,-68,Mainstream Mid-Tier,Tier 3,1693622.0,375234.5875927148,65815.38292510688,0.0594376955910325
Assam,Biswanath,0.1837609415175599,0.3563698133411987,0.3650826652856288,395,510,115,0.1427874716770993,0.058161981038334,0.0911306875876348,0.4682394816798287,0.18896613571241172,395,385,10,Mainstream Mid-Tier,Tier 3,1026192.0,306769.5800382409,56372.26685677359,0.06322523864364
Assam,Bongaigaon,0.1570946369872179,0.3367415526047863,0.3231793227179063,574,580,6,0.1007728356599078,0.046473991187827,0.0684347563481517,0.3623723330995443,0.14641975889502706,574,590,-16,Mainstream Mid-Tier,Tier 4,738804.0,159480.46652308744,25053.525994996577,0.024918413037482
Assam,Cachar,0.1797767959980817,0.3149960122245145,0.3161146213828402,426,653,227,0.1052759928992837,0.0539146677384941,0.07533870305497,0.3224262525078576,0.16311000581713783,426,509,-83,Mainstream Mid-Tier,Tier 3,1736617.0,395787.5342007823,71153.41479459782,0.066540167883802
Assam,Charaideo,0.2918680474570035,0.4372054972754635,0.4070372379442172,115,159,44,0.1848295600097269,0.2344417127336121,0.2081628175551059,0.5360896377099523,0.3072507650563739,115,72,43,Established High-Value,Tier 1,750684.7826086957,218415.7720051208,63748.58490894865,0.1082268391960524
Assam,Chirang,0.1570184009228209,0.3417910893942672,0.3436330416062774,575,556,19,0.1254465183928915,0.0485582445165624,0.0780478232487842,0.3758959699679391,0.1483720683608893,575,579,-4,"Small Underserved, Chronic-Leaning",Tier 4,482162.0,134403.46087774172,21103.816505515922,0.0240188912777627
Assam,Darrang,0.1520751902306492,0.3267901970923048,0.3063046410292388,594,614,20,0.0733126306508638,0.0450583572604313,0.0574747483993507,0.3527375888598582,0.13995510050250543,594,611,-17,Mainstream Mid-Tier,Tier 4,928500.0,176722.0359245285,26875.037231170292,0.0232300471995967
Assam,Dhemaji,0.2024942243333736,0.3646248444374889,0.3700377809163397,318,477,159,0.2005076416003986,0.0743803162928533,0.1221221593379831,0.3590257566203825,0.1913173597693085,318,373,-55,"Small Underserved, Chronic-Leaning",Tier 2,686133.0,206011.3250312876,41716.10346610109,0.0565998751921437
Assam,Dhubri,0.2147849217746397,0.3624333009099606,0.3228800770502269,276,484,208,0.1002418754715086,0.18967686528334,0.1378896831150129,0.5125868775250324,0.22664222534627207,276,277,-1,Established High-Value,Tier 2,229324.4705882353,48460.72499024829,10408.633026172805,0.0176363458876779
Assam,Dibrugarh,0.2177239481082923,0.3941294784382353,0.4024451034266309,269,341,72,0.1873082030172801,0.085818939474775,0.1267856117146927,0.3675571341943454,0.2078267901803216,269,313,-44,Mainstream Mid-Tier,Tier 2,1326335.0,443333.3039512313,96524.27726415565,0.1233303844866311
Assam,Dima Hasao,0.1634616372334212,0.3177474090713054,0.3207105713779833,535,647,112,0.1711471991526578,0.0645627831344763,0.1051177411428065,0.335426504087261,0.14874488478938785,535,575,-40,"Small Underserved, Chronic-Leaning",Tier 4,214102.0,61650.84583059332,10077.548196294023,0.0146765746151124
Assam,Goalpara,0.2767019576456705,0.4210760834000037,0.3751015598474585,168,217,49,0.1248215291060485,0.228731438124242,0.168969251230197,0.411344263226854,0.27337286907257613,168,163,5,Established High-Value,Tier 1,1008183.0,219511.49839373023,60739.26133127962,0.0969321938910961
Assam,Golaghat,0.1918301971643959,0.3882472380846374,0.3832512890320838,353,374,21,0.142624357007159,0.070537648887972,0.10030147963736,0.376067038035744,0.183209524812635,353,408,-55,Mainstream Mid-Tier,Tier 2,1066888.0,317124.9295753273,60834.1377661802,0.0711624876258217
Assam,Hailakandi,0.1691352566924711,0.3342752747746857,0.346672658300057,501,594,93,0.1246134875516348,0.0591371421085695,0.0858445427618173,0.3616149684553251,0.15834677390364738,501,530,-29,Mainstream Mid-Tier,Tier 3,659296.0,209808.4605454089,35486.00783059993,0.0404251264085963
Assam,Hojai,0.1793249751013848,0.3805735354348983,0.3827197162790134,433,412,21,0.1175034557745327,0.0518138349141664,0.0780275890909471,0.4787990031102201,0.18611409751079533,433,397,36,Mainstream Mid-Tier,Tier 3,1411884.0,417733.3574495597,74910.02392366016,0.0743436731583168
Assam,Jorhat,0.1828035430113003,0.3864638590625009,0.3926699059680816,405,381,24,0.1287034569074001,0.0648147144003269,0.0913338809083897,0.4768869463550725,0.1893058569074387,405,383,22,Mainstream Mid-Tier,Tier 3,1019438.9333333332,341013.8937440235,62338.547992486594,0.0695786028070566
Assam,Kamrup,0.1797624759101617,0.3598139665643846,0.35924342978209,427,498,71,0.1097536311270026,0.056802916985291,0.0789577507135391,0.3258989355933771,0.16361658819204578,427,507,-80,Mainstream Mid-Tier,Tier 3,1517542.0,414245.01937235857,74465.71031582808,0.0725933664740217
Assam,Kamrup Metropolitan,0.1819969788379987,0.3618360324373676,0.3561585860020767,411,488,77,0.1137483789641644,0.0652339922888698,0.0861409361234236,0.3276605453742305,0.16611533258701078,411,493,-82,Mainstream Mid-Tier,Tier 3,1253938.0,319257.24369251856,58103.8538241851,0.0609811465626322
Assam,Karbi Anglong,0.1785508541152012,0.3460996512244819,0.3519053559389669,438,544,106,0.1650243504217301,0.0650585053259383,0.103615817232803,0.4669822190065751,0.18356745890906498,438,406,32,"Small Underserved, Chronic-Leaning",Tier 3,478156.5,142869.1387368727,25509.406748171798,0.0333582949633799
Assam,Karimganj,0.2959752991350291,0.4125263199174301,0.3705740593744476,95,260,165,0.1327765467589978,0.2518429028934717,0.1828628747776781,0.4142502153181502,0.2930821033756292,95,104,-9,Established High-Value,Tier 1,1228686.0,283504.3837600915,83910.29478948517,0.1360025900255352
Assam,Kokrajhar,0.1786089562496846,0.3474001449857691,0.3457699502675954,436,542,106,0.1379629456646142,0.0568198119404063,0.0885382890472132,0.3585824092351649,0.16736558957783684,436,486,-50,Mainstream Mid-Tier,Tier 3,887142.0,235988.4657332576,42149.6535515816,0.0473930019761612
Assam,Lakhimpur,0.1884335617966717,0.3676667918058378,0.3617181282268601,366,465,99,0.1463133854629031,0.0632193587322985,0.0961760802014531,0.3501017051207433,0.1759180895076607,366,449,-83,Mainstream Mid-Tier,Tier 3,1042137.0,284153.3313769471,53544.0243277481,0.0616820911502264
Assam,Majuli,0.1619441530319742,0.3208093733636409,0.3264533528156876,548,635,87,0.2097888525277833,0.0822434108298839,0.13135353358769,0.4702372887824289,0.16744901829221606,548,485,63,"Small Underserved, Chronic-Leaning",Tier 4,72817.06666666667,23464.33913333724,3799.9125274033067,0.0068393257497438
Assam,Morigaon,0.1733756899266898,0.3682755513770356,0.3590008191998282,473,463,10,0.1089056895843256,0.060249142240132,0.0810029282342663,0.3187566590111508,0.15615846072123993,473,548,-75,Mainstream Mid-Tier,Tier 3,957423.0,261668.23445317752,45366.910680218476,0.0480355651518789
Assam,Nagaon,0.2702955623994927,0.4315324312785364,0.3992526350455182,189,177,12,0.1289791195437079,0.2032962899924051,0.1619289241912103,0.524586987550487,0.28395288247494327,189,131,58,Established High-Value,Tier 2,1411884.0,374503.45339698566,101226.62155649044,0.1526244723939937
Assam,Nalbari,0.1738465617501329,0.3746367742142293,0.3779073216905319,469,437,32,0.1261726083386951,0.0594611386693416,0.086616204954383,0.3685149014374235,0.16409306890862393,469,503,-34,Mainstream Mid-Tier,Tier 3,771639.0,235454.4853962249,40932.95273478058,0.0461993752603863
Assam,Sivasagar,0.1743255920932105,0.3670859466701064,0.3775015526855697,467,468,1,0.1646063322336649,0.0636125886042163,0.1023280748085738,0.4777103671926236,0.18095141911498155,467,419,48,"Small Underserved, Chronic-Leaning",Tier 3,400365.2173913043,132183.73838656873,23043.008459332632,0.0306997855773336
Assam,Sonitpur,0.1749764059102782,0.3599088147796464,0.3649031689670182,456,496,40,0.1234664206940003,0.0572565356882946,0.0840788886865902,0.478724471163948,0.1817543485277479,456,414,42,Mainstream Mid-Tier,Tier 3,897918.0,253592.9687561019,44372.78623706018,0.0484412804972682
Assam,South Salmara Mancachar,0.1747574943850497,0.3380032591222712,0.3186842201118869,459,573,114,0.0851262529912248,0.0567653861036139,0.06951420443766,0.4658155886116071,0.17959910461966827,459,427,32,Mainstream Mid-Tier,Tier 3,1719933.5294117646,344431.5962787607,60192.00275271923,0.0537199165363007
Assam,Tinsukia,0.1966888408437165,0.3727675861178247,0.3798718854453799,336,444,108,0.1591741992592636,0.0629246609907293,0.100079880729645,0.3404398152709982,0.18272408507724372,336,411,-75,Mainstream Mid-Tier,Tier 2,1327929.0,409780.5512957869,80599.26163466743,0.0922177983797553
Assam,Udalguri,0.1798602787868219,0.3687863344500675,0.3721058541866869,425,460,35,0.1383182712717806,0.0600140763592469,0.0911100614311266,0.3830872871597376,0.17229264380366005,425,469,-44,Mainstream Mid-Tier,Tier 3,831668.0,238100.7344072777,42824.86446984,0.0493851675866922
Assam,West Karbi Anglong,0.1812909952391938,0.3290355155771591,0.3330647891425724,417,603,186,0.1684237574886542,0.0677241228804277,0.1068005208233788,0.4608184390615621,0.1853830330413056,417,399,18,"Small Underserved, Chronic-Leaning",Tier 3,478156.5,135367.66399214108,24540.938528340033,0.0325428395592277
Bihar,Araria,0.2684553831777986,0.3852659058713156,0.3663298864213489,191,388,197,0.1034510106563555,0.192554014183905,0.1411379019727273,0.1684035976642255,0.22868519477030994,191,271,-80,Established High-Value,Tier 2,2811569.0,704617.6700827603,189158.4066159151,0.2581236011116805
Bihar,Arwal,0.2886994718168628,0.4025660306426953,0.3586869918714155,123,302,179,0.0974775974582251,0.2803380049789357,0.1653078195415407,0.202607977510609,0.2540599403863316,123,205,-82,Established High-Value,Tier 1,700843.0,156901.81664703897,45297.4715931064,0.0770637452260568
Bihar,Aurangabad,0.3017650482647455,0.4164416418135969,0.3818130753905714,80,235,155,0.0923734695014941,0.2582027553650713,0.1544379627809081,0.1957972904244354,0.2661039137712883,80,181,-101,Established High-Value,Tier 1,2540073.0,538200.2608721792,162410.02769819176,0.2453011625967392
Bihar,Banka,0.2878226254031933,0.3971053117986671,0.3795673315065261,128,328,200,0.0973224383354479,0.2399457692017034,0.1528139631283228,0.1749583423939795,0.24903564870516776,128,216,-88,Established High-Value,Tier 1,2034763.0,497957.50736548513,143323.4371091639,0.2153019218022764
Bihar,Begusarai,0.2884385712522187,0.4158455587150908,0.3842555791328141,126,236,110,0.0903364888567533,0.229841642007947,0.1440940211530957,0.1654538035453736,0.24822591372690228,126,218,-92,Established High-Value,Tier 1,2970541.0,642438.8471930554,185304.14320128737,0.265867233669204
Bihar,Bhagalpur,0.3048804346068304,0.4097483421278307,0.3847587495605437,73,274,201,0.1197812172844819,0.2426544739753182,0.1704859181055411,0.1481441320361889,0.26207132635513625,73,186,-113,Established High-Value,Tier 1,3037766.0,700080.0089264204,213440.69738104075,0.3179375365023973
Bihar,Bhojpur,0.2885999211350906,0.400919631264392,0.3727259328036215,124,311,187,0.0943410956075676,0.2322029966046686,0.1480077197413862,0.1791567760911941,0.2504427094916472,124,211,-87,Established High-Value,Tier 1,2728407.0,593468.2493342166,171274.88995403517,0.2485213365431083
Bihar,Buxar,0.2751943861006992,0.3939232636351871,0.3519825517814303,172,344,172,0.0808972149168753,0.2327928198563514,0.1372307938438917,0.1772042704363966,0.2367442986090362,172,256,-84,Established High-Value,Tier 1,1706352.0,315968.06669251947,86952.63814087267,0.1294980641443762
Bihar,Darbhanga,0.288148537484334,0.416948114868628,0.4026428598258219,127,230,103,0.105580570084779,0.2136880181384213,0.1502042035874533,0.1594110807091514,0.24702947153358423,127,224,-97,Established High-Value,Tier 1,3937385.0,1090435.7647564178,314207.4708351731,0.4341590591472696
Bihar,Gaya,0.1895368908491634,0.3390639032156912,0.340223776070655,362,567,205,0.065140983276195,0.0603008352003548,0.0626742028056752,0.1210444585464944,0.14266283157401505,362,601,-239,Mainstream Mid-Tier,Tier 3,4391418.0,946629.9102255234,179421.28996896837,0.135848265111877
Bihar,Gopalganj,0.2558192952333155,0.3949533101137392,0.3756200893130526,216,335,119,0.0872328475632863,0.1804381308140735,0.1254596826072359,0.1497559121623299,0.21325195400054248,216,299,-83,Established High-Value,Tier 2,2562012.0,605014.9241220239,154774.49149453398,0.2053284271910678
Bihar,Jamui,0.1591558952057517,0.2918142176070742,0.3032226043066617,564,691,127,0.0607679069055936,0.0425005599478361,0.0508199770793505,0.1218336972210318,0.11240022173178399,564,685,-121,Mainstream Mid-Tier,Tier 4,1760405.0,351015.1964955725,55866.137829075684,0.0404934114194303
Bihar,Jehanabad,0.2778058240421785,0.3975956948218023,0.3674432907962353,162,326,164,0.1046284918955485,0.2400087125355093,0.1584668723562832,0.1816078456139593,0.24001627282714993,162,244,-82,Established High-Value,Tier 1,1125313.0,252413.37133940152,70121.90462420684,0.1106915602397068
Bihar,Kaimur (Bhabua),0.1592124113938661,0.3113839406837618,0.2988000679890758,563,657,94,0.0491148214498078,0.0505080980921831,0.0498065881140934,0.1321442697340314,0.11400332379684833,563,683,-120,Mainstream Mid-Tier,Tier 4,1626384.0,262627.0836603604,41813.491286904595,0.0314382115289039
Bihar,Katihar,0.2705824396122637,0.3785249169822812,0.3633008001824744,186,417,231,0.0874772319470786,0.2011648967176798,0.1326549973796034,0.1635788642281612,0.2300885411893654,186,270,-84,Established High-Value,Tier 2,3071029.0,704330.4818405043,190579.46006968486,0.2584989555829977
Bihar,Khagaria,0.2770546441414325,0.4011208514353407,0.3799479567545669,166,310,144,0.1045481409045362,0.2241649591946264,0.1530883069987366,0.1713345824868216,0.23772410345733325,166,251,-85,Established High-Value,Tier 1,1666886.0,410670.4760800385,113778.16260974774,0.1707493899007998
Bihar,Kishanganj,0.2521321636696051,0.374273262585344,0.3621000241881627,222,440,218,0.0925152975913118,0.1869678581337783,0.1315195310030288,0.1609631792304814,0.21124591249705485,222,303,-81,Established High-Value,Tier 2,1690400.0,387386.5645183278,97672.61268854108,0.1364163431765507
Bihar,Lakhisarai,0.2472268300352936,0.3656293161318326,0.3419482454533857,232,474,242,0.0855984773520637,0.201663292224709,0.1313851998980074,0.1480878154003051,0.2044092742882169,232,325,-93,Established High-Value,Tier 2,1000912.0,206162.3010044147,50968.85215010348,0.0757818765677717
Bihar,Madhepura,0.2649528129916125,0.3724718822502931,0.3560237706606104,198,446,248,0.0939972296546632,0.2027294651200721,0.1380435007186446,0.1733628213522592,0.2259265081373289,198,278,-80,Established High-Value,Tier 2,2001762.0,438397.52950232377,116154.65865021411,0.1646291703994278
Bihar,Madhubani,0.3089391552663985,0.4500185286910861,0.4248188006389163,64,120,56,0.1050834262841451,0.244096112437196,0.1601575968773897,0.1893254063161582,0.2723072381566997,64,165,-101,Established High-Value,Tier 1,4487379.0,1348655.3354711132,416652.44008596695,0.5983682607655985
Bihar,Munger,0.284344384150584,0.4169256993745386,0.4033161059205428,138,231,93,0.1339583818076943,0.2275920216404761,0.1746077287272815,0.1618263113664013,0.2435876027984217,138,231,-93,Established High-Value,Tier 1,1367765.0,404332.0602314629,114969.55065885215,0.1797968896216707
Bihar,Muzaffarpur,0.3076290320108068,0.4359991221334613,0.4105621379413158,65,164,99,0.1061044348963833,0.2396795018195775,0.1594711826532084,0.1738548889774421,0.26867653730030067,65,175,-110,Established High-Value,Tier 1,4801062.0,1291501.2795597122,397303.2884716727,0.5641082888222194
Bihar,Nalanda,0.3221098744391694,0.4369487294518963,0.3903729677504245,35,160,125,0.0936017522366745,0.2886343924104996,0.1643675298998883,0.1988505145999386,0.28690672357203767,35,128,-93,Established High-Value,Tier 1,2877653.0,622620.0558933035,200552.0680271006,0.3116201848547247
Bihar,Nawada,0.1703370813530189,0.3195101661375901,0.3198660126658723,497,643,146,0.0611770572810909,0.0527900427727739,0.0568290372132172,0.1070361928556794,0.12136178222424832,497,668,-171,Mainstream Mid-Tier,Tier 3,2219146.0,439835.7173518546,74920.33236852629,0.0577437350963287
Bihar,Pashchim Champaran,0.2788139604049677,0.4132252455786858,0.3867754294603108,156,255,99,0.0889355686535585,0.2054917031158162,0.1351869870593813,0.1898470416573403,0.24226028859644624,156,238,-82,Established High-Value,Tier 1,3935042.0,1021752.3207781316,284878.8111091178,0.3827762034616426
Bihar,Patna,0.3216717276693678,0.4228586837028546,0.4072239399391103,36,209,173,0.1298134145221934,0.2516466294915475,0.1807404443595818,0.1372545870357142,0.27722918766760246,36,145,-109,Established High-Value,Tier 1,5838465.0,1396971.9244492375,449366.3724431878,0.6451749368437621
Bihar,Purba Champaran,0.2817971292616309,0.4078930880753231,0.396582205306709,147,283,136,0.1121652220862731,0.1887445090334235,0.145501098873165,0.1718781358425125,0.2425481215808853,147,237,-90,Established High-Value,Tier 1,5099371.0,1368790.426686471,385721.21280105045,0.5042583631754055
Bihar,Purnia,0.2824100540145432,0.3891854300877724,0.3847533234160543,146,365,219,0.1209257275335811,0.201606135384856,0.1561389400394641,0.1391293571432873,0.23824872952891385,146,249,-103,Established High-Value,Tier 1,3264619.0,890291.7079098655,251427.32931952507,0.3504334868647312
Bihar,Rohtas,0.1819972894786442,0.347475858348296,0.3422451476726351,410,541,131,0.0709238017282414,0.0556633777935356,0.0628319852475864,0.1610007640553431,0.14111667602982317,410,607,-197,Mainstream Mid-Tier,Tier 3,2959918.0,598010.6689996603,108836.32083724884,0.0869630524120969
Bihar,Saharsa,0.2636575423297805,0.3750581057772335,0.3552479404852888,201,433,232,0.0880543441153149,0.2057661431106829,0.1346053593760264,0.1659170390278715,0.22351437012683872,201,284,-83,Established High-Value,Tier 2,1900661.0,400144.36957199895,105501.08105845265,0.1500569979342453
Bihar,Samastipur,0.2945836349379949,0.4151218137366675,0.3894509527860647,102,242,140,0.0994387010762694,0.22386296397662,0.1492000078985212,0.1770252229852923,0.25610669032866623,102,201,-99,Established High-Value,Tier 1,4261566.0,1019490.966552085,300325.354713363,0.4181864706056967
Bihar,Saran,0.301092359500107,0.4108564009972018,0.3912458562120796,81,268,187,0.1066081108278302,0.2344248681449608,0.1580872933666633,0.1599972524435141,0.2600612193095116,81,193,-112,Established High-Value,Tier 1,3951862.0,1003154.2132458256,302042.0690086591,0.4319797603882544
Bihar,Sheikhpura,0.2816650930988333,0.3910858085798488,0.348374784862596,148,358,210,0.094119989219446,0.2732253234123195,0.1603619795776017,0.1749788313321088,0.24288118974152714,148,234,-86,Established High-Value,Tier 1,636342.0,137458.81164811904,38717.34898012244,0.0657784734975987
Bihar,Sheohar,0.2452086816465766,0.3757689362996654,0.3469443729126259,237,429,192,0.0842673631862464,0.2136229568749238,0.1341694573734987,0.1709148317746655,0.20581517835565394,237,317,-80,Established High-Value,Tier 2,656246.0,146802.7161950229,35997.3005003181,0.0565040313448917
Bihar,Sitamarhi,0.2864903617186645,0.4256394993589272,0.3987033747157491,133,202,69,0.0911384513487504,0.2214231983365453,0.1420569160198825,0.2005782876317945,0.2515463768063112,133,208,-75,Established High-Value,Tier 1,3423574.0,879875.8150341386,252075.9405166351,0.353173160504985
Bihar,Siwan,0.2703456759554568,0.427840947863646,0.4081962717368393,188,193,5,0.0890402785116813,0.1947962686349479,0.1316993318597025,0.178374239616376,0.2320710838407907,188,267,-79,Established High-Value,Tier 2,3330464.0,948412.5954517914,256399.24420208373,0.3434310537695597
Bihar,Supaul,0.2782823110262188,0.4149861282271801,0.3745546255444292,160,243,83,0.0891610839326927,0.2249227526591389,0.1416134048323596,0.1956043300750003,0.24259223248034636,160,236,-76,Established High-Value,Tier 1,2229076.0,553993.6220726422,154166.62544416054,0.2235105018325425
Bihar,Vaishali,0.2834030055993394,0.4135805459958585,0.3900164139856249,140,251,111,0.0984435577523695,0.2109581477795585,0.1441092315025997,0.1629194219704723,0.24281019083778776,140,235,-95,Established High-Value,Tier 1,3495021.0,838243.9631117969,237560.858571385,0.3290127059138947
Chandigarh,Chandigarh,0.1658238066601354,0.3559656474552727,0.360612105143215,516,512,4,0.1076983634390173,0.0477031773830363,0.0716767335681123,0.3963137388670527,0.16024013943307083,516,524,-8,Mainstream Mid-Tier,Tier 3,1055450.0,305281.04131861246,50622.8643726224,0.0486442660229887
Chhattisgarh,Balod,0.1607313926115959,0.3784050933462498,0.3606559861115394,555,418,137,0.1026892028599867,0.0357071740550625,0.0605536228486552,0.6509309658936795,0.19334030943852534,555,366,189,Mainstream Mid-Tier,Tier 4,1114624.0,269927.08787993854,43385.75673853516,0.0387604626126999
Chhattisgarh,Baloda Bazar,0.1914719799505319,0.4133374747263451,0.3817037282561687,354,254,100,0.1166214381853269,0.0767630733938621,0.0946161720781284,0.6729101757635014,0.22737777825793462,354,273,81,Mainstream Mid-Tier,Tier 3,1354624.0,339319.146611808,64970.10883688769,0.0715354000651743
Chhattisgarh,Balrampur,0.1714154477056386,0.345886716175759,0.3542813070277882,489,546,57,0.1558170323892543,0.0399789164573843,0.0789265235553141,0.6167889831165162,0.19890306711599354,489,342,147,Mainstream Mid-Tier,Tier 3,786628.6666666666,243190.7509977154,41686.65146014386,0.0459769924881768
Chhattisgarh,Bastar,0.3244106871210183,0.4833413102473727,0.4307476532145494,31,40,9,0.2131880528353875,0.278119626965875,0.2434990384542806,0.732561953121862,0.3692642520321751,31,20,11,Established High-Value,Tier 1,706599.5,232693.58964885597,75488.28730664164,0.1351586622499774
Chhattisgarh,Bemetara,0.156252033728863,0.3647768769687813,0.3553702003140651,577,476,101,0.0977897140642059,0.0314282339569789,0.0554378752496516,0.6375292726549014,0.18685069656997574,577,393,184,Mainstream Mid-Tier,Tier 4,1114624.0,283029.8257855644,44223.98588492023,0.0374426243436577
Chhattisgarh,Bijapur,0.1857262410382938,0.3279172520410213,0.3222205027923188,381,609,228,0.2136101576946257,0.0758351587823061,0.1272759216281123,0.4780508439416538,0.1924031395724194,381,368,13,"Small Underserved, Chronic-Leaning",Tier 3,255230.0,73519.50910336626,13654.502068748838,0.0209470712564183
Chhattisgarh,Bilaspur,0.1842619588008939,0.4090332079529519,0.3886629886268954,391,279,112,0.116096165292157,0.0632896330474082,0.0857186309943869,0.665642788328809,0.21907764899309276,391,290,101,Mainstream Mid-Tier,Tier 3,1331814.5,364762.2705097304,67211.81046078446,0.0705913258466615
Chhattisgarh,Dantewada,0.1657875595810791,0.3365802867580489,0.3374781253435609,517,582,65,0.1893905658274873,0.0500479530875273,0.0973581540178035,0.6503392355109991,0.1983077168506065,517,351,166,"Small Underserved, Chronic-Leaning",Tier 3,266819.0,75427.88908141307,12505.005655159795,0.0175177629493256
Chhattisgarh,Dhamtari,0.159155181047181,0.3908303382050036,0.3712594452377786,565,361,204,0.1136256458254443,0.037306482558804,0.0651073972311886,0.4238553079279208,0.15770274917924662,565,534,31,Mainstream Mid-Tier,Tier 4,799781.0,208673.76752440693,33211.511250144344,0.0328113906172549
Chhattisgarh,Durg,0.1598223566658226,0.3674724687691686,0.352211639052436,559,466,93,0.1055893599209599,0.0335160400349305,0.0594889671651272,0.6356716107498009,0.19014237022117025,559,380,179,Mainstream Mid-Tier,Tier 4,1114624.0,272444.43346011016,43542.7114160797,0.0384969560622984
Chhattisgarh,Gariyaband,0.1852016191689127,0.4063957748662418,0.3770651618877251,386,289,97,0.1117249137289355,0.0687417577616296,0.0876365617507525,0.6703047964536776,0.22071661057984185,386,288,98,Mainstream Mid-Tier,Tier 3,1354624.0,342306.59139405645,63395.73497837065,0.0667486978425397
Chhattisgarh,Janjgir - Champa,0.1836836441133913,0.416849689596697,0.383393828027002,397,232,165,0.1040898768313014,0.061440140539956,0.0799705987304201,0.4685137067696662,0.18892997207171874,397,386,11,Mainstream Mid-Tier,Tier 3,1619707.0,417814.9887854523,76745.7797053076,0.075908402192302
Chhattisgarh,Jashpur,0.173556641643919,0.3760304801119771,0.385681386148886,472,426,46,0.1558443841999168,0.0393543116914246,0.0783144205824294,0.4442914696715604,0.17516963403753058,472,453,19,Mainstream Mid-Tier,Tier 3,851669.0,282289.0531748606,48993.14004187048,0.0537037743006336
Chhattisgarh,Kabeerdham,0.1484191853460956,0.3484540361518868,0.3369323894351383,611,538,73,0.1026840635479323,0.0261515048264826,0.0518202931627813,0.4272499591991222,0.14747595116884143,611,583,28,Mainstream Mid-Tier,Tier 4,822526.0,198385.3662249069,29444.19443968751,0.0255235452873801
Chhattisgarh,Kodagaon,0.3545548216819206,0.5078982442933702,0.4352849308428701,8,19,11,0.2041546020669255,0.3340664016002467,0.2611535817916884,0.7600333518621456,0.40352909640411994,8,10,-2,Established High-Value,Tier 1,706599.5,197387.52179295392,69984.697591537,0.1296666736285222
Chhattisgarh,Korba,0.1793232058558621,0.3856974122332344,0.3749336678790919,434,385,49,0.1278937993506962,0.0515643465193392,0.0812081288258394,0.4492093019890666,0.1816738730970996,434,417,17,Mainstream Mid-Tier,Tier 3,1206640.0,341787.2394981699,61290.38350743716,0.0636759726140416
Chhattisgarh,Koriya,0.1608268900635929,0.3593520100348329,0.3674008359899337,553,500,53,0.1386497526791844,0.036380486045828,0.0710221471979169,0.4071601317669606,0.15687018177151452,553,540,13,Mainstream Mid-Tier,Tier 4,658917.0,213058.0134338637,34265.4577036955,0.036590640067295
Chhattisgarh,Mahasamund,0.1795606597858468,0.3966590010244892,0.3588700321739148,430,332,98,0.1157852123270153,0.0646374670780173,0.0865104782665585,0.4668517236213304,0.18455769027192387,430,403,27,Mainstream Mid-Tier,Tier 3,1032754.0,222852.1557452259,40015.48012031105,0.0434922984300355
Chhattisgarh,Mungeli,0.1635048714054791,0.3745819378700021,0.3715093590839312,534,438,96,0.1119459701293448,0.0287026649148915,0.0566846334485374,0.6421293492877655,0.19479354574152144,534,362,172,Mainstream Mid-Tier,Tier 4,1331814.5,369987.42464697553,60494.74628854812,0.052222003500259
Chhattisgarh,Narayanpur,0.14796665764255,0.3042041678224295,0.2993037015264564,615,669,54,0.1794960803299788,0.0492156531413703,0.0939894506301413,0.4363359621525491,0.14838632390830986,615,578,37,"Small Underserved, Chronic-Leaning",Tier 4,139820.0,36522.45491052177,5404.105582010643,0.0080924494159008
Chhattisgarh,Raigarh,0.1675982586016822,0.3734495390693221,0.3708170335826831,509,442,67,0.1140838297154791,0.031712033119587,0.0601484013615208,0.4251360112656644,0.16633793223440937,509,491,18,Mainstream Mid-Tier,Tier 3,1493984.0,431758.0188770853,72361.89210111173,0.0627672635423045
Chhattisgarh,Raipur,0.1709058051725857,0.3812872709528728,0.3465187878042975,493,409,84,0.0977749614313429,0.0510361154315362,0.070640315811327,0.6558366283852759,0.20425057137325459,493,326,167,Mainstream Mid-Tier,Tier 3,1354624.0,276921.8955331109,47327.559526004974,0.0440085913240193
Chhattisgarh,Rajnandgaon,0.1665137613361999,0.3882198704613762,0.380374621788058,512,375,137,0.1099374937169822,0.0294041514465941,0.0568561229324787,0.4120289442933937,0.16328737492308648,512,508,4,Mainstream Mid-Tier,Tier 3,1537133.0,423591.6906954249,70533.8456884554,0.0597806006647302
Chhattisgarh,Sukma,0.1801778451452247,0.3244306488255285,0.3021848564346168,423,625,202,0.1997994743159281,0.0723184122628304,0.1202047451371038,0.6484030149296063,0.21240756932754315,423,302,121,"Small Underserved, Chronic-Leaning",Tier 3,266819.0,59473.33845952007,10715.777967228943,0.0159721482553235
Chhattisgarh,Surajpur,0.1648188557288788,0.3586788734955347,0.3632393906598219,527,502,25,0.1404575246129828,0.0359982397105266,0.0711071279139113,0.6278216286960898,0.19396137197616978,527,364,163,Mainstream Mid-Tier,Tier 3,786628.6666666666,242041.8523141218,39893.06113691183,0.0417305518707256
Chhattisgarh,Surguja,0.1732052698025095,0.383395767629608,0.3936254021422422,476,399,77,0.1553698090746234,0.0409937809322504,0.0798072422571453,0.6449086970324095,0.20491084630024842,476,322,154,Mainstream Mid-Tier,Tier 3,786628.6666666666,267017.0496574878,46248.76012779525,0.0516875671553703
Chhattisgarh,Uttar Bastar Kanker,0.1632748554217051,0.3860143846740406,0.3719147755162413,539,383,156,0.1231551149341807,0.0430979689537011,0.072854205917866,0.5222008043091071,0.17657424801094868,539,444,95,Mainstream Mid-Tier,Tier 4,748941.0,208140.09428882017,33984.04380246718,0.0356169689215175
Dadra & Nagar Haveli,Dadra & Nagar Haveli,0.1428597122661172,0.3282716437575456,0.3006682200957849,636,607,29,0.0902728719776924,0.056978250549157,0.0717188281927204,0.4252301135898643,0.14161350124747438,636,606,30,"Small Underserved, Chronic-Leaning",Tier 4,343709.0,67954.19403553237,9707.916607192054,0.0109368340589822
Daman & Diu,Daman,0.1347186695727315,0.3265380167180514,0.3018328976768083,662,616,46,0.092500124694778,0.0630022505791885,0.0763394788731662,0.4233676212125675,0.13319308469749414,662,629,33,"Small Underserved, Chronic-Leaning",Tier 4,191173.0,43760.191877771926,5895.314830020884,0.0075065288492411
Daman & Diu,Diu,0.095625860924752,0.3138148318362621,0.3063285711480894,705,654,51,0.0980593202356803,0.0366959663865526,0.0599865111442291,0.3937436624839552,0.0896566822402228,705,705,0,"Small Underserved, Chronic-Leaning",Tier 4,52074.0,12477.852799274167,1193.205416422919,0.0017708154258416
Goa,North Goa,0.1941044131241412,0.4197341185938421,0.4134756814522594,346,220,126,0.157431385265042,0.0756687612829874,0.1091450315409294,0.4152204710031987,0.19135675571749852,346,372,-26,Mainstream Mid-Tier,Tier 2,818008.0,273299.2899815983,53048.59828912262,0.0667500209236543
Goa,South Goa,0.164680634559049,0.3715450730726363,0.3773224295056964,528,447,81,0.1378213873474749,0.0450358181198958,0.0787838748324337,0.4228726834033687,0.1630808090124318,528,510,18,Mainstream Mid-Tier,Tier 3,640537.0,196867.88795988055,32420.32871353289,0.036020343243232
Gujarat,Ahmedabad,0.4338944281302803,0.4693225776701567,0.445428424273709,1,64,63,0.2682128353248497,0.4192097567945706,0.3353169209355717,0.6301642749157538,0.46338834131052087,1,1,0,Elite Metro Powerhouses,Tier 1,7214225.0,1720279.1282533293,746419.5285779354,1.26235249741521
Gujarat,Amreli,0.1573794243999852,0.3547296348007402,0.3352749787975616,573,519,54,0.0890375815890432,0.0259848001165998,0.0481001430398781,0.5025056275574662,0.16772454047648264,573,484,89,Mainstream Mid-Tier,Tier 4,1514190.0,319630.66381721606,50303.28989213864,0.037996146356613
Gujarat,Anand,0.3377816897946423,0.511281695678332,0.4494397380130409,13,14,1,0.1365935860881525,0.3040325210310085,0.2037863889837766,0.534549120406975,0.35293332979856606,13,25,-12,Established High-Value,Tier 1,2092745.0,606553.1715850511,204882.5552482982,0.3378215769522785
Gujarat,Aravali,0.278304026446827,0.4604304616517186,0.4042891474107625,159,92,67,0.1233116185302971,0.2268306604842397,0.1672448979090481,0.7018294480830409,0.31854771560216066,159,58,101,Established High-Value,Tier 1,1214294.5,321120.1331366998,89369.0260250847,0.1399282758956427
Gujarat,Banaskantha,0.3027186904175791,0.4474387320616808,0.3850812952715069,77,130,53,0.10788707301642,0.2431484510545856,0.1619647328672372,0.5495968443088977,0.3201274890067913,77,57,20,Established High-Value,Tier 1,3120506.0,604587.5386850535,183019.94795352683,0.2704095569260341
Gujarat,Bharuch,0.264585274374623,0.4452967595598817,0.4157042476442246,200,138,62,0.1289964700984884,0.1900166011174482,0.1565613962771899,0.4969697550152864,0.27410000956979347,200,159,41,Established High-Value,Tier 2,1551019.0,461681.8358720589,122154.21521798836,0.1791967728726838
Gujarat,Bhavnagar,0.2806680119307778,0.4610905334339893,0.4059708542358785,152,90,62,0.1170140834256351,0.227042274568076,0.1629943055982471,0.7034178742936867,0.3211499650177083,152,54,98,Established High-Value,Tier 1,1440182.5,359980.1412675904,101034.91058413514,0.1557491016958884
Gujarat,Botad,0.1597012225450768,0.3486530560165628,0.3260271307006255,561,537,24,0.0874338943424324,0.0343820424440273,0.0548284220667357,0.6287615814574389,0.18898473170657012,561,384,177,Mainstream Mid-Tier,Tier 4,1440182.5,288110.0539819779,46011.52784844994,0.0367035672298949
Gujarat,Chhota Udaipur,0.3340176902991372,0.4748795575700411,0.4089043519626458,16,56,40,0.1372113733981004,0.3032799584866902,0.2039937735032068,0.7086085800257776,0.3752782492458814,16,19,-3,Established High-Value,Tier 1,2082813.0,488537.7562620136,163180.25297056063,0.2675754589086529
Gujarat,Dahod,0.3309244313265801,0.476205313578788,0.4062382295851424,21,54,33,0.1206341734600119,0.2993978923627581,0.1900463556105482,0.5269444561819097,0.3449353716967441,21,28,-7,Established High-Value,Tier 1,2127086.0,517294.3129751821,171185.32634978608,0.2787100728382051
Gujarat,Devbhumi Dwarka,0.2784428567781667,0.4437189684863464,0.3843854413653652,158,144,14,0.1187764386590759,0.2338261087554518,0.1666524301157422,0.7001550137487769,0.31843538078336076,158,59,99,Established High-Value,Tier 1,1080059.5,237953.53949429412,66256.46331726757,0.1052514100147047
Gujarat,Gandhinagar,0.2904597535462322,0.4832091284475385,0.4339394906348398,120,41,79,0.1338196011851222,0.2372304771716681,0.1781743186996063,0.5453192798560975,0.30722691746752434,120,73,47,Established High-Value,Tier 1,1391753.0,426912.3388837354,124000.85273801535,0.1960321261111272
Gujarat,Gir Somnath,0.2947870046000396,0.4681083231895965,0.3938334942202589,99,70,29,0.1186913314940984,0.2522331195877111,0.1730256767383835,0.7166454240189724,0.33725309014576293,99,34,65,Established High-Value,Tier 1,1371541.0,278170.1682740862,82000.95067460684,0.1309854562272575
Gujarat,Jamnagar,0.1557837941630048,0.3598480226593633,0.3336916974213252,580,497,83,0.0874482084201075,0.0372389773444272,0.0570655925419787,0.6363799481406732,0.18621005832698329,580,396,184,Mainstream Mid-Tier,Tier 4,1080059.5,228641.3705442171,35618.620206007625,0.0303596005462035
Gujarat,Junagadh,0.1670821849637465,0.3858077655842169,0.3781084883773423,511,384,127,0.1078787307909055,0.0365402947451642,0.0627847164510115,0.6355252214620234,0.1973802401259275,511,354,157,Mainstream Mid-Tier,Tier 3,1371541.0,406315.3926469619,67888.06358785697,0.0603836276838235
Gujarat,Kachchh,0.1611080604800595,0.3596798037841712,0.3373127324715665,552,499,53,0.0778134760174512,0.0268217877438548,0.0456847516941005,0.5047086151998178,0.17178362470290967,552,470,82,Mainstream Mid-Tier,Tier 4,2092371.0,417367.17926620896,67241.21675961223,0.0463767222959888
Gujarat,Kheda,0.2857774098565488,0.468613180802415,0.4248629748749088,134,67,67,0.1220172251971881,0.2173085850780064,0.1628354708371165,0.6881101548777819,0.3239632050310936,134,49,85,Established High-Value,Tier 1,2299885.0,687038.315623622,196340.03031112478,0.2890421961894307
Gujarat,Mahesana,0.2979209120177921,0.4834145184356602,0.4406316503340391,86,38,48,0.1345671628546091,0.237050940801779,0.1786036745302607,0.5655550843485018,0.3177234466129449,86,61,25,Established High-Value,Tier 1,2035064.0,650555.3615763588,193814.0466388933,0.2978540205511742
Gujarat,Mahisagar,0.3121670132021469,0.4584855482690026,0.3842973548782341,55,98,43,0.123623511742884,0.2862190094379764,0.1881047555865941,0.7097519077607546,0.3535990713091376,55,23,32,Established High-Value,Tier 1,1195388.0,247800.38802732973,77355.10700082456,0.1293613511174053
Gujarat,Morbi,0.1283831256155022,0.3353612472660385,0.3208158353993466,675,588,87,0.0859734178054853,0.0261778190322349,0.0474404529162055,0.6262126518933666,0.1572842953423847,675,536,139,"Small Underserved, Chronic-Leaning",Tier 4,396308.125,96469.54929205276,12385.06226483249,0.0112727829071615
Gujarat,Narmada,0.1396843203394738,0.3233861920989193,0.3093851618091434,649,628,21,0.089262395694038,0.0319868746649663,0.0534343060529453,0.4346031969230031,0.13984407182080177,649,612,37,Mainstream Mid-Tier,Tier 4,590297.0,137348.66414159487,19185.454800153337,0.0170619008121382
Gujarat,Navsari,0.1818364005843324,0.4153611280601144,0.3889667106286315,413,239,174,0.1084838413290278,0.0620756886285586,0.082062227337373,0.5322114040690211,0.19663738313756307,413,355,58,Mainstream Mid-Tier,Tier 3,1329672.0,372178.00297769945,67675.50843812981,0.0697801662986546
Gujarat,Panchmahal,0.2974669763166219,0.4682838743460505,0.4156852656543204,91,69,22,0.122847794978227,0.2611160658949788,0.1791020182147246,0.6992338966349182,0.33732133275473714,91,33,58,Established High-Value,Tier 1,1195388.0,342195.07811492524,101791.73519727704,0.1659448421447278
Gujarat,Patan,0.1729814150529663,0.3932944312084745,0.3620441989444746,478,348,130,0.0907198440510187,0.0571731592952077,0.0720190259248575,0.4658527635161498,0.17782860152326627,478,438,40,Mainstream Mid-Tier,Tier 3,1343734.0,312958.92208745086,54136.07719613828,0.0515089540988322
Gujarat,Porbandar,0.1576472139080945,0.384718650287042,0.3583565472488697,571,392,179,0.1024025211600989,0.0527192185846501,0.0734750358738158,0.5333940741369168,0.17262559697150953,571,464,107,Mainstream Mid-Tier,Tier 4,585449.0,146476.6888280441,23091.641896224064,0.0248997650095821
Gujarat,Rajkot,0.1854013391168941,0.3909726640938662,0.3664802845669384,383,359,24,0.0919086761519005,0.0454325809264439,0.064619256937182,0.6396491705444662,0.21631798664144156,383,294,89,Mainstream Mid-Tier,Tier 3,3408249.875,729714.7964726931,135290.10043944913,0.1069210868254478
Gujarat,Sabarkantha,0.2874666366945086,0.4669655739993371,0.4155393197493126,130,76,54,0.1247636905248716,0.2421687911331335,0.1738213799039593,0.6984258622625439,0.3271997879767677,130,42,88,Established High-Value,Tier 1,1214294.5,342459.8164300552,98445.77163216678,0.1571455217811267
Gujarat,Surat,0.2107846956213592,0.4012353208253142,0.3901341358511293,286,308,22,0.1114128924182378,0.0618680992818695,0.0830235140753015,0.4911025596639359,0.2194193515138271,286,289,-3,Mainstream Mid-Tier,Tier 2,6081322.0,1542054.374581521,325041.46197775134,0.2773318214501323
Gujarat,Surendranagar,0.280843052604051,0.4705373025837432,0.4089139761053485,150,61,89,0.1129620466669977,0.222111080825253,0.1583986182939722,0.7074538734042314,0.32193040555756325,150,51,99,Established High-Value,Tier 1,1756268.0,430180.0016278293,120813.06482637521,0.1817810017564444
Gujarat,Tapi,0.1748060495653012,0.4137921404433936,0.4001435612117716,458,249,209,0.1147426929421756,0.0643780005660631,0.0859471067062934,0.4736789439167784,0.1808271630956955,458,420,38,Mainstream Mid-Tier,Tier 3,807022.0,256379.2076006441,44816.63647135084,0.0503157274313316
Gujarat,The Dangs,0.1273686580486479,0.321092414379503,0.3053146134149752,678,633,45,0.1039553477441706,0.0344709593031458,0.0598618456233491,0.4609995381860596,0.13148786071943433,678,638,40,"Small Underserved, Chronic-Leaning",Tier 4,228291.0,54573.07374370697,6950.899168325857,0.0078351086010164
Gujarat,Vadodara,0.30220753498434,0.494344111061109,0.4384483779552965,79,26,53,0.1356270366262473,0.2455449933721833,0.1824898348113691,0.7107687696287461,0.34379212237152945,79,29,50,Established High-Value,Tier 1,2082813.0,539119.9382777276,162926.10760782158,0.252002035181677
Gujarat,Valsad,0.1886979899670375,0.4262247146215706,0.4032448819187042,364,199,165,0.1070019678054968,0.0659204067739174,0.083985791913561,0.5003383754193139,0.1987180182228121,364,345,19,Mainstream Mid-Tier,Tier 3,1705678.0,480373.5301795116,90645.51957824385,0.0920339108149202
Haryana,Ambala,0.192780228953602,0.4268136642491467,0.3893464035400418,349,196,153,0.1181548349059194,0.0850011925283508,0.1002162754745633,0.5532512952925205,0.21073719519035758,349,304,45,Mainstream Mid-Tier,Tier 2,1128350.0,335875.47652075195,64750.15126357073,0.0751767529116537
Haryana,Bhiwani,0.1491232338922477,0.3553180425319696,0.325455395977331,607,516,91,0.0871657655962924,0.0408196462708639,0.0596496078660178,0.7110299378275594,0.1907469965092591,607,374,233,Mainstream Mid-Tier,Tier 4,741786.5769230769,156837.57021902193,23388.125666863027,0.0213169424137269
Haryana,Dadri,0.1481391510217596,0.36293519616179,0.3348062225322438,613,482,131,0.0802946378303015,0.0345690994948777,0.0526850389015787,0.7127018464559909,0.19001369993303574,613,382,231,Mainstream Mid-Tier,Tier 4,892658.423076923,192382.40564812432,28499.366244236902,0.0237797030002335
Haryana,Faridabad,0.1935378546297124,0.3851171934718414,0.3547513409590409,348,389,41,0.107149100395997,0.0811800117248797,0.0932650268131487,0.5092647898951199,0.2048968450568579,348,323,25,Mainstream Mid-Tier,Tier 2,1809733.0,401754.7657986518,77754.75545993363,0.0806155514820712
Haryana,Fatehabad,0.1490427517734406,0.356204521991832,0.3327214679345597,609,511,98,0.0888706114073685,0.0294606205896792,0.051168187033012,0.4867466913973575,0.15702402742592173,609,539,70,Mainstream Mid-Tier,Tier 4,942011.0,218257.5807407063,32529.710429008755,0.0268522920612608
Haryana,Gurgaon,0.2081537906814703,0.3823792842991724,0.3546720485810195,298,404,106,0.123502999964314,0.1099315075526318,0.1165198308158301,0.5495507693413337,0.22555567802554788,298,279,19,Mainstream Mid-Tier,Tier 2,1514432.0,343199.7116395022,71438.3209385499,0.084769792714145
Haryana,Hisar,0.1755928911553383,0.3885683273573471,0.365687698478135,450,371,79,0.096084344722986,0.0521725322266826,0.070802285072868,0.5850978422648221,0.19832683943793913,450,350,100,Mainstream Mid-Tier,Tier 3,1743931.0,454972.9649978705,79890.01832149262,0.0715852366711711
Haryana,Jhajjar,0.1512838988791143,0.3755198472012439,0.3506329877868802,599,431,168,0.0873403022416191,0.0310563426901642,0.052081382058066,0.5938690315819044,0.17533352555927748,599,451,148,Mainstream Mid-Tier,Tier 4,958405.0,216981.3691365252,32825.78750710185,0.0277237326016837
Haryana,Jind,0.1601247789926224,0.3662509466889443,0.3394606746881842,557,471,86,0.0964602856123695,0.0313204689484055,0.0549652743127563,0.5265190893095979,0.17407191433193958,557,460,97,Mainstream Mid-Tier,Tier 4,1334152.0,299874.03714204696,48017.263922995706,0.0397400348940338
Haryana,Kaithal,0.1482136836982507,0.3600431500626833,0.3332262366946163,612,494,118,0.0819090497875497,0.0265413969819534,0.0466259649425719,0.4815748054832576,0.15541917646361683,612,549,63,Mainstream Mid-Tier,Tier 4,1074304.0,248805.2387440088,36876.34095767227,0.0283545093431188
Haryana,Karnal,0.1815331104850992,0.4058105200375178,0.3473708764816324,415,290,125,0.08506543150694,0.0716651674289221,0.0780783477755412,0.6086370592994366,0.2077979413228922,415,315,100,Mainstream Mid-Tier,Tier 3,1505324.0,292793.6279733078,53151.738016211515,0.0527438331890219
Haryana,Kurukshetra,0.300189342955185,0.5099322541646684,0.4405716043183617,83,16,67,0.1321474139969483,0.266634321341912,0.18770997855246,0.610781535218784,0.3267758451808801,83,43,40,Established High-Value,Tier 1,964655.0,306930.8009607378,92137.35547311255,0.1544462681173312
Haryana,Mahendragarh,0.1451269812593591,0.3581289498136549,0.3321914045795731,628,503,125,0.0798615245976595,0.0276073200935306,0.0469549004122568,0.5084447271551753,0.1563629622755129,628,546,82,Mainstream Mid-Tier,Tier 4,922088.0,207881.82990439795,30169.26243269684,0.0237574220801878
Haryana,Mewat,0.2420715819671224,0.3738697704557828,0.3108820271931209,242,441,199,0.0897029698182192,0.185786259341594,0.1290952331202003,0.5553317894716765,0.2603406223307514,242,192,50,Established High-Value,Tier 2,1089263.0,161549.8039848246,39106.61661708502,0.0565559938922752
Haryana,Palwal,0.2796664496984691,0.4544809170684161,0.3825000552550736,154,106,48,0.1106233566982216,0.2406325258135976,0.1631550726648474,0.5850545325149131,0.3023939015185836,154,83,71,Established High-Value,Tier 1,1042708.0,227000.56549637497,63484.44223191599,0.1015317092319294
Haryana,Panchkula,0.1471381549548972,0.3620502925044548,0.3502139313543401,620,487,133,0.1031328205167908,0.0379967678978669,0.0625996313394006,0.5788341743775086,0.16893255305440102,620,479,141,Mainstream Mid-Tier,Tier 4,561293.0,160372.66127481053,23596.937485182316,0.0233675426413187
Haryana,Panipat,0.273988924904253,0.4736241600474484,0.4043448134458829,176,58,118,0.1239835289153298,0.2197775345906494,0.1650720882368054,0.6531772482748566,0.30693478408835895,176,74,102,Established High-Value,Tier 1,1205437.0,303803.2481721097,83238.7253490963,0.1291922643387155
Haryana,Rewari,0.1476205314140899,0.3555311505068447,0.3307356528475538,617,513,104,0.0824296515702838,0.0333836591814281,0.0524576342820206,0.5486215299976326,0.1648830328566123,617,497,120,Mainstream Mid-Tier,Tier 4,900332.0,203899.4880636565,30099.75078301785,0.0248437906681448
Haryana,Rohtak,0.1639146125628863,0.3750381495728109,0.3494949674553982,531,434,97,0.1002980931835254,0.0460649461828648,0.0679722462828988,0.5522375503410941,0.18171951705692793,531,415,116,Mainstream Mid-Tier,Tier 4,1061204.0,260754.45731890935,42741.4658454747,0.0402177311232862
Haryana,Sirsa,0.1700577772651811,0.3732956740906611,0.3591072633081177,499,443,56,0.1045773782871179,0.0495573045263764,0.0719900894730988,0.4932212969962689,0.17901024375749894,499,429,70,Mainstream Mid-Tier,Tier 3,1295189.0,361245.8074395247,61432.659059531186,0.0574966558728066
Haryana,Sonipat,0.184064975859753,0.4131154703106711,0.3665790425748781,392,257,135,0.0940941478934288,0.0724579329281268,0.0825703788109956,0.6094057836093676,0.21044511534403565,392,305,87,Mainstream Mid-Tier,Tier 3,1450001.0,344844.47755200224,63473.79043597843,0.0650089807603957
Haryana,Yamunanagar,0.1944456920311689,0.4395100338026372,0.4059018492484712,344,155,189,0.1221866279886158,0.0807756159393349,0.099346364479687,0.5367138285068215,0.20992203825006964,344,307,37,Mainstream Mid-Tier,Tier 2,1214205.0,383002.8487835705,74473.2539816305,0.0858438024095048
Himachal Pradesh,Bilaspur,0.1574089665490135,0.3443571160721986,0.3443788207278895,572,549,23,0.1128533731763236,0.0705142313763629,0.0892063275096465,0.3816971683871039,0.1496328137499566,572,571,1,"Small Underserved, Chronic-Leaning",Tier 4,381956.0,104229.2765395214,16406.6227042374,0.0200182191014612
Himachal Pradesh,Chamba,0.1790526678228845,0.337748985711588,0.327227718557509,435,575,140,0.1117925096278587,0.1030324136597943,0.107323120044304,0.3769368467145051,0.1705624667729378,435,473,-38,Mainstream Mid-Tier,Tier 3,519080.0,115392.73044106016,20661.3762328388,0.0265860033955166
Himachal Pradesh,Hamirpur,0.1952377949143091,0.3955519614787448,0.4055801661545661,342,333,9,0.1494404376411086,0.114413802896206,0.1307595074057431,0.3995530815242635,0.19014002908582614,342,381,-39,Mainstream Mid-Tier,Tier 2,454768.0,160410.14032967915,31318.12207986144,0.0446358633349508
Himachal Pradesh,Kangra,0.2682845912054778,0.4213217360520647,0.4081277763199207,193,215,22,0.1679431246333236,0.2018336504656333,0.1841102221913507,0.4253315369298627,0.2670535936878347,193,179,14,Mainstream Mid-Tier,Tier 2,1510075.0,427143.901660934,114596.12704301649,0.1703853877601111
Himachal Pradesh,Kinnaur,0.1140134587607096,0.2866090703394047,0.2670186034309627,695,694,1,0.0930996443471618,0.0610089923217139,0.0753652140389071,0.3969107446591444,0.10851934240245878,695,691,4,"Small Underserved, Chronic-Leaning",Tier 4,84121.0,17124.435517751226,1952.4161227035602,0.0027889209379938
Himachal Pradesh,Kullu,0.1583235674245891,0.3237945051074386,0.303552727400649,567,626,59,0.1045990681782889,0.0714749660153915,0.0864651076636398,0.3889619284964326,0.15163712864193152,567,563,4,"Small Underserved, Chronic-Leaning",Tier 4,437903.0,83441.87016612447,13210.814557280219,0.0156129584888992
Himachal Pradesh,Lahul and Spiti,0.0902200716302594,0.259463007581556,0.2397650115841166,706,706,0,0.0905028706550407,0.0537687425327168,0.0697583367829441,0.421871267665206,0.08847003372291781,706,706,0,"Small Underserved, Chronic-Leaning",Tier 4,31564.0,5633.566837074768,508.26080357473944,0.0008723525858683
Himachal Pradesh,Mandi,0.2246666430791362,0.3755724776569952,0.366103908389464,262,430,168,0.1457147102939138,0.147388071823092,0.1465490026799241,0.3810950843325564,0.21680017767189716,262,293,-31,Mainstream Mid-Tier,Tier 2,999777.0,239251.9711891873,53751.93721714092,0.0743384578562312
Himachal Pradesh,Shimla,0.2539006101175783,0.3763708295181591,0.3572867836522477,218,424,206,0.1754023232539746,0.1972062911146075,0.1859850575229145,0.3858419920906016,0.24674618087404607,218,225,-7,Mainstream Mid-Tier,Tier 2,814010.0,193558.0266206387,49144.50105213463,0.0765322052605157
Himachal Pradesh,Sirmaur,0.1722405393285777,0.357887532537164,0.3211839557921894,483,504,21,0.0892924280925465,0.0976672234724351,0.0933859921450272,0.434918573720696,0.1724475973295596,483,467,16,Mainstream Mid-Tier,Tier 3,529855.0,100837.89030065504,17368.372610140777,0.0213891787568308
Himachal Pradesh,Solan,0.2087885304922122,0.388574399974444,0.3575415560145168,295,370,75,0.1322943541034842,0.1403199039419222,0.1362480497469947,0.3582865718921369,0.19750078821891023,295,353,-58,Mainstream Mid-Tier,Tier 2,580320.0,138996.64609243246,29020.90548098506,0.0416317434878486
Himachal Pradesh,Una,0.2061237287194428,0.4015581383284803,0.3948734410313516,303,307,4,0.1505956647184275,0.1269170263222755,0.1382503307160212,0.4074408587412685,0.20220912947351058,303,329,-26,Mainstream Mid-Tier,Tier 2,521173.0,167949.24608343688,34618.324838337285,0.050132423520263
Jammu & Kashmir,Anantnag,0.1676505218847254,0.3898187341711686,0.3429989342907817,508,363,145,0.0654207363850271,0.0683427123435741,0.0668657652918644,0.4743626923426018,0.1737741976789932,508,461,47,Mainstream Mid-Tier,Tier 3,1078692.0,224570.3883492772,37649.34280661178,0.0365592008078386
Jammu & Kashmir,Badgam,0.1469113743531078,0.3399510871639983,0.2941436760178108,621,563,58,0.0557132295705401,0.0525736350497367,0.0541206707172386,0.4292652575345426,0.1462704349261667,621,591,30,Mainstream Mid-Tier,Tier 4,753745.0,124597.00511869256,18304.717262268332,0.0161336527565051
Jammu & Kashmir,Bandipore,0.1426821863367446,0.3260544900912402,0.2843525071007053,637,618,19,0.0705524659046145,0.0620308982661123,0.066154613104095,0.3844659589589447,0.1353213521234638,637,625,12,"Small Underserved, Chronic-Leaning",Tier 4,392232.0,68038.40625556165,9707.868559411178,0.0104429752468575
Jammu & Kashmir,Baramula,0.2945630503069281,0.4361855542952771,0.3693220256476505,103,162,59,0.1370103686739464,0.253043885384121,0.1861978410915826,0.5062083444398984,0.3054635739157904,103,79,24,Established High-Value,Tier 1,1008039.0,211358.28970230924,62258.342522367595,0.1028601276007427
Jammu & Kashmir,Doda,0.1333351361688834,0.292051298501124,0.2823567306241798,666,690,24,0.1007294754101058,0.0263668220019634,0.0515355813830543,0.3661961707789397,0.12323383372860186,666,663,3,"Small Underserved, Chronic-Leaning",Tier 4,409936.0,82473.59718459383,10996.628310945458,0.0105199464988407
Jammu & Kashmir,Ganderbal,0.1271816384881818,0.3083430289464201,0.2695230662336511,681,658,23,0.0602662417272858,0.0512785744253067,0.0555910690825977,0.3500175840776018,0.11465354804269957,681,679,2,"Small Underserved, Chronic-Leaning",Tier 4,297446.0,47227.66234870642,6006.491479475094,0.0060948836466433
Jammu & Kashmir,Jammu,0.17292614364202,0.3534555336547839,0.3217676658899755,480,523,43,0.0782162491546641,0.0645840954874456,0.0710740860234914,0.431096345550657,0.17255986741749607,480,465,15,Mainstream Mid-Tier,Tier 3,1529958.0,273542.05275915674,47302.57230756295,0.0430987985659973
Jammu & Kashmir,Kathua,0.1348255916268419,0.3235157169727036,0.3130925713298289,661,627,34,0.0792769663808897,0.0240476794526929,0.0436626508071779,0.4568217181023907,0.13831812128507803,661,618,43,Mainstream Mid-Tier,Tier 4,616435.0,136804.11952441814,18444.69635186887,0.0150022386936286
Jammu & Kashmir,Kishtwar,0.1206960839595583,0.2806543680077835,0.2296275335320702,687,695,8,0.0506081447204319,0.0540932714507914,0.0523216982712073,0.3268906830539599,0.10469895836052981,687,699,-12,"Small Underserved, Chronic-Leaning",Tier 4,230696.0,21618.457656135157,2609.263180341045,0.0027277327405467
Jammu & Kashmir,Kulgam,0.1176730073666448,0.2933143272361658,0.27368341297427,693,688,5,0.0578619566623204,0.0205746594938854,0.0345034788967315,0.3568423022729562,0.10616862465046574,693,697,-4,"Small Underserved, Chronic-Leaning",Tier 4,424483.0,68652.69805982307,8078.569444533601,0.0059165000805365
Jammu & Kashmir,Kupwara,0.3268004743642966,0.4659294686200625,0.3700596230196368,25,79,54,0.1034535823036381,0.333776079672254,0.1858233869279085,0.4845765403377149,0.33445622735783137,25,36,-11,Established High-Value,Tier 1,870354.0,158727.91285526217,51872.35721595441,0.0913972390041108
Jammu & Kashmir,Pulwama,0.1204790187413715,0.3071823623763118,0.2741422205459999,688,661,27,0.0475654225963674,0.0202735840843232,0.0310535278915911,0.4255688299284126,0.1192836151735109,688,672,16,Mainstream Mid-Tier,Tier 4,560440.0,84176.61305987898,10141.515742426336,0.0066089396469787
Jammu & Kashmir,Punch,0.1452448951091732,0.3293701959569982,0.2836016649705697,627,602,25,0.0632511032121006,0.0621278513811117,0.062686961483651,0.4500608197487759,0.1477232900143671,627,581,46,Mainstream Mid-Tier,Tier 4,476835.0,70526.12712689968,10243.55993700276,0.0105497239848859
Jammu & Kashmir,Rajouri,0.2730574225867087,0.412290901287598,0.3353452331725212,182,263,81,0.0892803302225386,0.2596290203985383,0.152249021923084,0.4568887883235143,0.2765600127781133,182,150,32,Established High-Value,Tier 2,642415.0,112841.46237356898,30812.19887664181,0.0514902541536931
Jammu & Kashmir,Ramban,0.1275294152298055,0.2780103758554836,0.2443907437179727,676,699,23,0.0667577441140616,0.050733163554553,0.0581964908793622,0.3043357420789327,0.1081490484845229,676,692,-16,"Small Underserved, Chronic-Leaning",Tier 4,283713.0,42635.283633998806,5437.252790000764,0.0056466164312324
Jammu & Kashmir,Reasi,0.1093492281281736,0.2599574068620467,0.2353346143423967,701,704,3,0.0489772089705278,0.0241148714937732,0.0343668313995916,0.4249106825564958,0.10805510245452549,701,693,8,"Small Underserved, Chronic-Leaning",Tier 4,314667.0,39797.00143520575,4351.771388755566,0.0032261336109912
Jammu & Kashmir,Samba,0.1437507537664838,0.3476210213386171,0.3153168811645965,634,540,94,0.0858117403103668,0.0624596210619587,0.0732104417583497,0.4474583567153518,0.14583877921666408,634,593,41,"Small Underserved, Chronic-Leaning",Tier 4,318898.0,69395.40813845705,9975.642227835984,0.011600817866474
Jammu & Kashmir,Shupiyan,0.1113822791441305,0.2947625521960319,0.2523366058354463,697,686,11,0.0478165878281829,0.0320630527485712,0.0391554054734684,0.4281576296160341,0.11057519552941313,697,689,8,"Small Underserved, Chronic-Leaning",Tier 4,266215.0,31361.376598130937,3493.1016025972217,0.0029815544155624
Jammu & Kashmir,Srinagar,0.1461820717213202,0.3204421243319523,0.2820705832236401,625,640,15,0.0520887367337016,0.0367084585660226,0.0437275340505904,0.4198894290069963,0.14413475801524714,625,596,29,Mainstream Mid-Tier,Tier 4,1236829.0,147152.02381899508,21510.987699845755,0.0149150177908113
Jammu & Kashmir,Udhampur,0.276468285237093,0.4294975412551879,0.3601626366427407,170,188,18,0.0978510698029826,0.2642042162509638,0.1607876400928111,0.5480640630550451,0.29364716663822726,170,103,67,Established High-Value,Tier 1,554985.0,119409.21427100788,33012.86071101416,0.0564422294687317
Jharkhand,Bokaro,0.2958401636637327,0.4496617705512922,0.4136347295199148,96,121,25,0.1237993392468811,0.2377647577122727,0.1715666631399414,0.3496810227227015,0.28326158901501547,96,133,-37,Established High-Value,Tier 1,2062330.0,581244.6335875172,171955.50752919744,0.2626577266878698
Jharkhand,Chatra,0.1625881726194795,0.3164907866003482,0.3182554019096532,543,648,105,0.0989948641665506,0.0466083261539105,0.0679263197636723,0.3012110142350224,0.14273909669761037,543,600,-57,Mainstream Mid-Tier,Tier 4,1042886.0,247916.4666536334,40308.28527549238,0.0376369278460931
Jharkhand,Deoghar,0.2101660258163955,0.3541868683143441,0.3360544701846055,291,520,229,0.0968437818586251,0.1168301543419984,0.1063685761003032,0.3238045004941011,0.1937059728333882,291,365,-74,Mainstream Mid-Tier,Tier 2,1492073.0,315932.67891611706,66398.31555332766,0.0798886149089594
Jharkhand,Dhanbad,0.259974890031787,0.4215518572772625,0.3891671270464432,204,214,10,0.1041933945237602,0.1766543232846737,0.1356695013638949,0.3242518037815401,0.2435819325418955,204,232,-28,Established High-Value,Tier 2,2684487.0,645740.1119110949,167876.2145832007,0.2243208266726567
Jharkhand,Dumka,0.174074150545974,0.3274953508189098,0.3290016231956341,468,611,143,0.1109973509568064,0.0512032463111691,0.075388491833493,0.3323386092651879,0.1588942138786297,468,526,-58,Mainstream Mid-Tier,Tier 3,1321442.0,321133.47943695536,55901.03764486101,0.0540250876861518
Jharkhand,Garhwa,0.2327079049166043,0.3786058244074472,0.3652371655892635,251,416,165,0.1155882178489584,0.1498229680336582,0.1315969979439198,0.3194894425664731,0.2156005932444528,251,295,-44,Established High-Value,Tier 2,1322784.0,340932.95598320646,79337.79390387685,0.1077838933731098
Jharkhand,Giridih,0.3120900924323841,0.4438314547434168,0.4056280794308396,56,143,87,0.1286377482469701,0.2578196999524097,0.182113551542952,0.3957495256266226,0.306421793219255,56,76,-20,Established High-Value,Tier 1,2445474.0,637113.93357634,198836.9464197998,0.3082681304003504
Jharkhand,Godda,0.2534961395172831,0.3948702429543251,0.3735315361311321,219,336,117,0.1180704020091149,0.1851630369582298,0.1478589672995412,0.3264885008532916,0.23743868658815437,219,254,-35,Established High-Value,Tier 2,1313551.0,361987.5193157428,91762.43869997875,0.1335646893663724
Jharkhand,Gumla,0.1883379843502878,0.336219334996885,0.3361055102037838,368,584,216,0.1421365172891423,0.0676323879986256,0.0980460712424145,0.2981224484758377,0.16802562356454098,368,483,-115,Mainstream Mid-Tier,Tier 3,1025213.0,267679.289871011,50414.17790662262,0.0582740924631179
Jharkhand,Hazaribagh,0.2765628216938826,0.4306410657818966,0.3996312494076594,169,182,13,0.1228771517015663,0.2122660465192219,0.1615012297143095,0.3343113054712858,0.26167878945745293,169,188,-19,Established High-Value,Tier 1,1734495.0,467294.2183982499,129236.20760145741,0.1927263465568059
Jharkhand,Jamtara,0.2585027518538798,0.4040770789513273,0.3664162077333609,208,294,86,0.1232412362382232,0.2095295206860456,0.16069435944597,0.390232614368128,0.2520069159519765,208,207,1,Established High-Value,Tier 2,791042.0,211156.0491021976,54584.41976351104,0.0862635178155702
Jharkhand,Khunti,0.2587088327629333,0.3652343437729254,0.340224632909202,207,475,268,0.1732686430563755,0.1982883972993147,0.185356849169044,0.3723950136899145,0.249537356759298,207,215,-8,Established High-Value,Tier 2,531885.0,137146.59440740515,35481.03535655123,0.0589893246765588
Jharkhand,Kodarma,0.2620359022415626,0.411256245598148,0.3759307442808919,202,266,64,0.1131763419994706,0.2236163584685391,0.1590851390379114,0.3853406906480503,0.25480627778164766,202,204,-2,Established High-Value,Tier 2,716259.0,180531.41024260796,47305.71096586345,0.0763137325045107
Jharkhand,Latehar,0.3193919061696992,0.4330700857979204,0.3872864955638851,40,168,128,0.1596354646252666,0.2978854943433482,0.2180667083592257,0.3690560816278233,0.30971959035675023,40,69,-29,Established High-Value,Tier 1,726978.0,193931.2580200822,61940.07416492182,0.1098949456658936
Jharkhand,Lohardaga,0.1404925906812894,0.2998054373815281,0.3048541362062512,646,679,33,0.1072810475670471,0.0316438367002566,0.0582647745232409,0.3442444277549341,0.12709852678740702,646,650,-4,"Small Underserved, Chronic-Leaning",Tier 4,461790.0,106594.61118426606,14975.753077942283,0.0148481105932713
Jharkhand,Pakur,0.164378145988381,0.3230169829681272,0.3343244648932603,529,629,100,0.1059105012037605,0.0516797052087899,0.0739825890377292,0.2850223723224845,0.14210077377963118,529,604,-75,Mainstream Mid-Tier,Tier 3,900422.0,249940.0143821693,41084.676172450265,0.0410218369379746
Jharkhand,Palamu,0.1745265710299341,0.3534547511098895,0.3543196921207265,462,524,62,0.0946973961240908,0.0450301590749849,0.0653011394345816,0.3048168447068489,0.15521836967883895,462,550,-88,Mainstream Mid-Tier,Tier 3,1939869.0,462227.02577349386,80670.89784561285,0.0688702783917302
Jharkhand,Pashchimi Singhbhum,0.3374720432038117,0.4070419660559607,0.3828722124124035,14,286,272,0.2099061869254505,0.2783869896949333,0.241733637494905,0.3904385801847861,0.3310071021744071,14,39,-25,Established High-Value,Tier 1,1502338.0,427137.2583500596,144146.883303869,0.2450765742906919
Jharkhand,Purbi Singhbhum,0.1718693405263427,0.3374114311584383,0.3465077164440043,486,576,90,0.098919445868517,0.0332707146471209,0.0573682896428223,0.2411825276445656,0.14301599161590506,486,598,-112,Mainstream Mid-Tier,Tier 3,2293919.0,573327.1123391212,98537.35270359715,0.0764775114478533
Jharkhand,Ramgarh,0.2707142319005094,0.4146840438362678,0.3835220098007333,185,245,60,0.1354969503376196,0.2162319205799211,0.1711688225239213,0.3415466275002764,0.2569154979684284,185,198,-13,Established High-Value,Tier 2,949443.0,257303.53126358363,69655.72783130975,0.1105523842313634
Jharkhand,Ranchi,0.187282984646493,0.352995284756973,0.3548706644869868,376,525,149,0.1084372453898864,0.0471208642146371,0.0714818628452429,0.2809941022811808,0.16440137193154764,376,502,-126,Mainstream Mid-Tier,Tier 3,2914253.0,716153.495673072,134123.36413467224,0.1142870692261397
Jharkhand,Sahibganj,0.1712196032554507,0.3207843650116174,0.3246332036618944,491,636,145,0.1084707198993004,0.0524437833839881,0.0754229072490855,0.3334474628395288,0.15620599462425752,491,547,-56,Mainstream Mid-Tier,Tier 3,1150567.0,283472.84021164663,48536.10723473391,0.0477308531149676
Jharkhand,Simdega,0.2804806557420843,0.3920321541738585,0.3740456674620122,153,355,202,0.1692565423754906,0.2317877753780979,0.1980696782079572,0.4056186954598672,0.2762927320039419,153,152,1,Established High-Value,Tier 1,599578.0,170136.23733914184,47719.92341437339,0.081444573027364
Karnataka,Bagalkot,0.1782909204898016,0.3811625662676986,0.3460798196103549,443,410,33,0.0856546347130922,0.0574708512469656,0.0701615619139804,0.5472170027974812,0.1953427428523013,443,359,84,Mainstream Mid-Tier,Tier 3,1889752.0,413839.02803037415,73783.74124214021,0.0661668863859684
Karnataka,Bangalore,0.4205532208207342,0.5006274177345575,0.5023233116263401,3,22,19,0.2740949296566722,0.3719194302196043,0.3192823672926396,0.5314749861139159,0.4352437406806991,3,3,0,Elite Metro Powerhouses,Tier 1,9621551.0,3293845.145641214,1385237.184884153,2.255805955772481
Karnataka,Bangalore Rural,0.1651443475898297,0.3841629077544896,0.3801599617625093,523,395,128,0.1147214806283673,0.0408631871810774,0.0684681337310089,0.5124872384675527,0.17698670530284014,523,442,81,Mainstream Mid-Tier,Tier 3,990923.0,291097.1269386052,48073.0451135498,0.0468598133330789
Karnataka,Belgaum,0.1971772576856584,0.3980381173786396,0.3663588324296557,334,324,10,0.0909108128244748,0.0532149202853114,0.0695543791398305,0.513699394859173,0.20920143885741188,334,309,25,Mainstream Mid-Tier,Tier 2,4779661.0,1013262.5813986384,199792.33711567477,0.1603906033430176
Karnataka,Bellary,0.1810400259340367,0.381682825891229,0.3479715755577942,419,406,13,0.086413317667523,0.051276346141559,0.0665654504075531,0.5506147002827995,0.19860150291933412,419,346,73,Mainstream Mid-Tier,Tier 3,2452595.0,493625.9449633358,89366.05387787569,0.0755172918188412
Karnataka,Bidar,0.3256108503665538,0.4781519322968327,0.4037225170061675,28,52,24,0.1176642445994179,0.2990174114866192,0.1875730733464864,0.6121503690612835,0.3524026776686238,28,26,2,Established High-Value,Tier 1,1703300.0,379811.9062541548,123670.87777475716,0.2040231892655874
Karnataka,Bijapur,0.3047455906328976,0.4530232740916574,0.3913921212947198,74,112,38,0.1175826657622438,0.254609559571766,0.1730250581360951,0.5617441208400697,0.32397648070178553,74,48,26,Established High-Value,Tier 1,2177331.0,496918.8967644352,151433.84269112567,0.2342880155194228
Karnataka,Chamarajanagar,0.182169185670121,0.4157536540476749,0.3939935992210697,409,237,172,0.110178828292182,0.0733610027994256,0.0899045567854055,0.5415604176270636,0.19837252025705807,409,348,61,Mainstream Mid-Tier,Tier 3,1020791.0,312816.58271103573,56985.54213657943,0.0633026031162178
Karnataka,Chikkaballapura,0.1627443798956709,0.3777444559779133,0.3700768123381504,542,421,121,0.1061436500130951,0.0315160094805261,0.0578379138637481,0.5413719482785488,0.17891944408033073,542,430,112,Mainstream Mid-Tier,Tier 4,1255104.0,346975.41946300975,56468.299479547815,0.0494006825980043
Karnataka,Chikmagalur,0.1793547372216166,0.4152925793514965,0.3989321844221348,432,240,192,0.1121726609999791,0.0622429092178254,0.0835580801319873,0.5384023059099468,0.19508435505098612,432,361,71,Mainstream Mid-Tier,Tier 3,1137961.0,347755.814387333,62371.65270672939,0.0658973425293856
Karnataka,Chitradurga,0.1886819647575361,0.4188810804454643,0.4072366238066412,365,224,141,0.11970026937996,0.0602402517339903,0.084916278534067,0.5452632050503816,0.20544071745797085,365,318,47,Mainstream Mid-Tier,Tier 3,1659456.0,538662.8600981047,101635.96678522418,0.1039651979340714
Karnataka,Dakshina Kannada,0.1822948570739946,0.4045044361730782,0.3954738562547182,407,293,114,0.1091388132629594,0.0474152519677557,0.0719363908625187,0.4943326692009129,0.19141402939700905,407,371,36,Mainstream Mid-Tier,Tier 3,2089649.0,596772.2808692071,108788.51764677386,0.098259990831247
Karnataka,Davanagere,0.2768907903976069,0.4674852187773828,0.4240820110656235,167,74,93,0.1361884455916794,0.1989766298632957,0.1646156673289428,0.5723224859173385,0.29770843522808516,167,93,74,Established High-Value,Tier 1,1945497.0,592739.7938734288,164124.19002572828,0.2413424940948978
Karnataka,Dharwad,0.1828633368217203,0.4029318311265376,0.3803753205454758,402,299,103,0.0950679392964265,0.0598859270179531,0.0754535067074619,0.5415573684098394,0.19906621402607372,402,341,61,Mainstream Mid-Tier,Tier 3,1847023.0,460931.2941348871,84287.43449105929,0.0795743844227923
Karnataka,Gadag,0.297621588378593,0.465813798195703,0.4014533064400936,89,80,9,0.1201742796572464,0.2665199064006661,0.1789660240548937,0.4929069905860264,0.30652690890937445,89,75,14,Established High-Value,Tier 1,1064570.0,265790.4063865994,79104.96292457145,0.130631852094079
Karnataka,Gulbarga,0.3267464565503905,0.4592272944889484,0.4006723789247814,26,96,70,0.1381497622801616,0.276127065088454,0.1953122843066678,0.5970808445912389,0.3512778551819538,26,27,-1,Established High-Value,Tier 1,2566326.0,599906.3832263688,196017.2849811766,0.310917406980989
Karnataka,Hassan,0.1749514336087314,0.4021895485422104,0.4004123432970613,457,304,153,0.1105025539159746,0.0392526903584837,0.0658598704271835,0.4903613228327211,0.18347490397651706,457,407,50,Mainstream Mid-Tier,Tier 3,1776421.0,571763.1161570163,100030.7768562656,0.0884751815109317
Karnataka,Haveri,0.2752922158141794,0.4539531307351314,0.3944087973045284,171,107,64,0.1109687562848542,0.2172637736653888,0.1552723115993391,0.559059291106532,0.2941203814230367,171,102,69,Established High-Value,Tier 1,1597668.0,383829.4336036258,105665.2552714436,0.1587463597718989
Karnataka,Kodagu,0.1598197714433278,0.4011289202861007,0.4032086774355898,560,309,251,0.1305478294015568,0.0418063461737441,0.0738764356760149,0.5362052927502929,0.17521983729874924,560,452,108,Mainstream Mid-Tier,Tier 4,554519.0,193551.90956347945,30933.421948854935,0.0345209497570658
Karnataka,Kolar,0.1733510613938105,0.3826261798385323,0.3721137784660074,474,402,72,0.1190364086904407,0.0365885321763949,0.065995207928551,0.531525149767642,0.18804910580183432,474,389,85,Mainstream Mid-Tier,Tier 3,1536401.0,425570.87107758777,73773.16219958833,0.0674135985422202
Karnataka,Koppal,0.2557128131758637,0.4172371654066842,0.3693858946566685,217,229,12,0.1121078679658235,0.187958837569929,0.1451608230387912,0.5698389490003215,0.2761579274687894,217,153,64,Established High-Value,Tier 2,1389920.0,311017.53632655734,79531.16916109035,0.1155648292329419
Karnataka,Mandya,0.1750056409334909,0.4031201452654365,0.3989196059373782,455,298,157,0.1075520103325388,0.0398280435375935,0.0654491111481283,0.5368424157725542,0.19050127524225155,455,377,78,Mainstream Mid-Tier,Tier 3,1805769.0,557353.4068317154,97539.99018904906,0.0858368799189728
Karnataka,Mysore,0.1904635338070973,0.3980895296697394,0.3872303118903268,358,323,35,0.1130702105209184,0.0461705718401905,0.0722531402628393,0.5015318045607715,0.20066257643409052,358,334,24,Mainstream Mid-Tier,Tier 3,3001127.0,799903.0764832802,152352.36665017437,0.1328252390499484
Karnataka,Raichur,0.1744573023258826,0.354828809676005,0.3186252811996747,465,518,53,0.0829781227763584,0.0526475404203976,0.0660953407803988,0.540654055786652,0.19052468263675792,465,376,89,Mainstream Mid-Tier,Tier 3,1928812.0,356425.38735628384,62181.01155863503,0.0531520307269512
Karnataka,Ramanagara,0.1660416115690906,0.3940965170019221,0.3885698223804797,515,342,173,0.1126225252357431,0.0408731437288457,0.0678471566174006,0.5272523055575075,0.18009872934559423,515,424,91,Mainstream Mid-Tier,Tier 3,1082636.0,352419.28624351893,58516.26623590253,0.0558733586244652
Karnataka,Shimoga,0.1936609286496033,0.4310459534356874,0.4109868036421374,347,180,167,0.1138119528537058,0.0700182994275429,0.0892688041442483,0.5343952178986636,0.20878948327728036,347,311,36,Mainstream Mid-Tier,Tier 2,1752753.0,541078.6377030581,104785.79145003649,0.1096589637044616
Karnataka,Tumkur,0.1832158907396659,0.4138487200102383,0.4144622390950676,398,248,150,0.1116721199798719,0.036344561925268,0.0637077254336899,0.5360452104435787,0.19859194424908022,398,347,51,Mainstream Mid-Tier,Tier 3,2678980.0,868203.3384521762,159068.64799766708,0.1335203680542472
Karnataka,Udupi,0.1795281026840289,0.4223823924765391,0.4105316210949923,431,211,220,0.1204304151664809,0.0546664914893002,0.0811388209536676,0.5177744713966759,0.1921635453364078,431,369,62,Mainstream Mid-Tier,Tier 3,1177361.0,369911.69109344383,66409.54406264657,0.0695892325190801
Karnataka,Uttara Kannada,0.1721050908955948,0.3967710779729057,0.3672218641192917,484,331,153,0.0895977132812257,0.0533508271365034,0.0691383548624978,0.5217523294755486,0.18533721225980462,484,400,84,Mainstream Mid-Tier,Tier 3,1437169.0,373969.0866149931,64361.983644015956,0.0593890036504083
Karnataka,Yadgir,0.1591322118289138,0.3370028646754294,0.3061590982135129,566,578,12,0.0762651956948198,0.0474860088235611,0.0601791471831799,0.5366157174635916,0.17459384139133005,566,456,110,Mainstream Mid-Tier,Tier 4,1174271.0,220379.28364705804,35069.44284802792,0.0301464110596284
Kerala,Alappuzha,0.2301265528617415,0.4923896566810105,0.4956885296809448,259,27,232,0.1806855986418765,0.0874039986077659,0.1256687861488999,0.459572498482542,0.23403169957700032,259,264,-5,Mainstream Mid-Tier,Tier 2,2127789.0,855695.8740972212,196918.34180400826,0.2433582753952251
Kerala,Ernakulam,0.2460743499109449,0.4790683050575913,0.473123812196412,234,47,187,0.1699754498739392,0.1123683424506634,0.1382022415145297,0.4636068836545928,0.25058465440201133,234,210,24,Mainstream Mid-Tier,Tier 2,3282388.0,1183848.7286551115,291314.80629670515,0.3570882038890169
Kerala,Idukki,0.2058095874253052,0.4463182559497409,0.4488295864490363,304,135,169,0.1667564411423107,0.0788217806648568,0.1146474580100724,0.4552290703627294,0.2090632199225921,304,310,-6,Mainstream Mid-Tier,Tier 2,1108974.0,450426.8412155033,92702.16235584619,0.1160403009040288
Kerala,Kannur,0.2196484803343283,0.4704166096214974,0.4707660410859543,267,62,205,0.1536731428243677,0.0799236585562909,0.1108247255641398,0.4701975481239283,0.22514738449579505,267,281,-14,Mainstream Mid-Tier,Tier 2,2523003.0,962414.7201640722,211392.9307354263,0.2395574789344263
Kerala,Kasaragod,0.1954246745489863,0.4301611358242954,0.4172060128622793,341,183,158,0.1371926947756588,0.0696505693815704,0.0977524900251479,0.4665127219134933,0.2003708547788878,341,335,6,Mainstream Mid-Tier,Tier 2,1307375.0,393637.3561687996,76926.45221961106,0.0876550655061254
Kerala,Kollam,0.2579497582666302,0.510106530835032,0.5095213865159232,209,15,194,0.1925959669706237,0.1284762833366483,0.1573023013881666,0.4956547278497812,0.2672672393869749,209,178,31,Mainstream Mid-Tier,Tier 2,2635375.0,1124426.2320268345,290045.4747399798,0.3859651324775477
Kerala,Kottayam,0.2309119189404933,0.4833803573350866,0.4932882215791432,255,39,216,0.1896007910200773,0.0897402458087278,0.1304408739301871,0.4662333614064858,0.23581619509434368,255,259,-4,Mainstream Mid-Tier,Tier 2,1974551.0,870229.6427895986,200946.3967354462,0.2526689074919296
Kerala,Kozhikode,0.2198107612954967,0.4650180324154261,0.455153794656475,266,83,183,0.1454392024784528,0.0769588435216288,0.1057961853067006,0.4677779700651687,0.22494672874814953,266,282,-16,Mainstream Mid-Tier,Tier 2,3086293.0,1022483.5410269562,224752.88556525047,0.2439907228150462
Kerala,Malappuram,0.2105955221243797,0.4546314539298492,0.438665917571497,289,105,184,0.1144901632902381,0.0678314694097986,0.0881251156535107,0.4660779605802019,0.2154764881542875,289,296,-7,Mainstream Mid-Tier,Tier 2,4112920.0,1252041.524571936,263674.33858863125,0.2505680830735616
Kerala,Palakkad,0.2249297750257799,0.4787276886530958,0.4876501909803523,261,50,211,0.1630446796226023,0.0798797092583381,0.1141225727206163,0.4688738396559186,0.2302301229170452,261,269,-8,Mainstream Mid-Tier,Tier 2,2809934.0,1149424.0735486094,258539.6982725042,0.29485390555477
Kerala,Pathanamthitta,0.2392693451179142,0.4951375955493401,0.5245587384358879,246,25,221,0.230821134265777,0.0997966731195179,0.1517734538231179,0.4407305588464253,0.24034820088775552,246,240,6,Mainstream Mid-Tier,Tier 2,1197412.0,625447.008208012,149650.29605988972,0.2113933757828293
Kerala,Thiruvananthapuram,0.2845622628012315,0.5029354398136501,0.5071307858291398,137,21,116,0.2466702231127238,0.1386189100387322,0.1849139190728936,0.469712236197204,0.2899883701736896,137,115,22,Mainstream Mid-Tier,Tier 1,3301427.0,1430397.2667503203,407037.08293116785,0.5699454547613614
Kerala,Thrissur,0.2433511499928682,0.4915695808582778,0.4972739959028534,240,31,209,0.1845812465463489,0.0990146642502239,0.1351896821272782,0.4691602582374169,0.24869446067135825,240,217,23,Mainstream Mid-Tier,Tier 2,3121200.0,1333678.5027705082,324552.1973699698,0.3966813067097552
Kerala,Wayanad,0.1845800385583069,0.425046977180306,0.4121547775396643,388,204,184,0.1343219086206969,0.0697414159555468,0.0967873963957031,0.4290458720051651,0.18390619130195918,388,405,-17,Mainstream Mid-Tier,Tier 3,817420.0,258260.30858079856,47669.697715924034,0.0568794380030986
Ladakh,Kargil,0.1594665470623939,0.3348486352949985,0.3056279131915862,562,590,28,0.0678154281707661,0.0529508146521039,0.0599239698920499,0.425622151751555,0.15827914176800467,562,531,31,Mainstream Mid-Tier,Tier 4,,0.0,0.0,0.0
Ladakh,Leh (Ladakh),0.3178025335498332,0.4394055084312788,0.3536493170154569,42,156,114,0.1108239531434527,0.3056852211494579,0.1840577209065501,0.5202524957696639,0.3308096798581603,42,40,2,Established High-Value,Tier 1,,0.0,0.0,0.0
Lakshadweep,Lakshadweep,0.1105803195607926,0.3355043036089304,0.3385680905161639,700,586,114,0.1225633209840539,0.0403259660655296,0.0703028045164741,0.4060103068099469,0.10645113752516215,700,696,4,"Small Underserved, Chronic-Leaning",Tier 4,64473.0,19516.862902430235,2158.1809365749136,0.0032850429527886
Madhya Pradesh,Agar Malwa,0.1452593686012283,0.3216735776162601,0.3455351736845987,626,630,4,0.0986154814929975,0.0261169720170277,0.0507497563599899,0.4488971095868194,0.14756320698212871,626,582,44,Mainstream Mid-Tier,Tier 4,756340.5,221729.1071934992,32208.230111441757,0.0277461363501198
Madhya Pradesh,Alirajpur,0.1465890268054911,0.302753810999783,0.3123150873922275,623,673,50,0.098581973830319,0.0315974376914712,0.0558116276021919,0.2621948575736882,0.12088752738442185,623,669,-46,Mainstream Mid-Tier,Tier 4,728999.0,175318.11523772738,25699.7118940714,0.022869397853527
Madhya Pradesh,Anuppur,0.151720221374381,0.3264579099793986,0.3449866108922905,598,617,19,0.1097302144283697,0.0319219563909286,0.0591844837753077,0.3241909268588223,0.13531813234608184,598,626,-28,Mainstream Mid-Tier,Tier 4,749237.0,222185.51440037717,33710.03543100594,0.0315371178389437
Madhya Pradesh,Ashoknagar,0.1406716520611781,0.2948323097427675,0.2975200705902024,644,685,41,0.0789670250503697,0.026452790099888,0.0457044651918172,0.2293579960962234,0.11004462341848911,644,690,-46,Mainstream Mid-Tier,Tier 4,845071.0,190154.9555932856,26749.411750927444,0.0204739371840852
Madhya Pradesh,Balaghat,0.1633603965290099,0.3425570424444079,0.3494252798475826,538,555,17,0.0993136632100351,0.0270426415675105,0.051823776367083,0.3148295893303913,0.14555410687144613,538,594,-56,Mainstream Mid-Tier,Tier 4,1701698.0,414442.81931497296,67703.5433018948,0.0529539753092475
Madhya Pradesh,Barwani,0.1650644016699124,0.328796849824358,0.326044842378224,525,604,79,0.0882032148260542,0.0456741584755864,0.0634713132999577,0.2686956898956415,0.14033802709713614,525,610,-85,Mainstream Mid-Tier,Tier 3,1385881.0,322735.4169834792,53272.12850206768,0.0461410370503376
Madhya Pradesh,Betul,0.1755777723419881,0.3570631246137214,0.3534084993833133,451,506,55,0.1007093213497207,0.0509549087254118,0.0716354261324185,0.2855155895300658,0.15337438271437548,451,555,-104,Mainstream Mid-Tier,Tier 3,1575362.0,384965.0692413939,67591.30928688314,0.062632817508428
Madhya Pradesh,Bhind,0.2521716589682858,0.3886775871093466,0.3570489565818922,221,368,147,0.0962022495490789,0.1826216832159266,0.1325466587349957,0.3385004025931667,0.23791599130013832,221,250,-29,Established High-Value,Tier 2,1703005.0,343883.4598370769,86717.66255886956,0.1209955964949235
Madhya Pradesh,Bhopal,0.1725421912896048,0.362088531995166,0.3661117170501627,482,486,4,0.0888336533722391,0.037290016351774,0.0575552637630879,0.2730193618912633,0.1484643675161718,482,576,-94,Mainstream Mid-Tier,Tier 3,2371061.0,578908.4955095336,99886.14037138326,0.0771886125186855
Madhya Pradesh,Burhanpur,0.1467758779278419,0.3179248333691952,0.286697893831117,622,645,23,0.0681362792225769,0.0460564985125439,0.0560189114734023,0.2748159594144971,0.12296754378289398,622,664,-42,Mainstream Mid-Tier,Tier 4,757847.0,118910.57000353892,17453.20330716953,0.0153224187414901
Madhya Pradesh,Chhatarpur,0.1977822239283633,0.3401015605482483,0.3346211221900362,330,562,232,0.1410307945586381,0.0651661697588713,0.0958667653539886,0.2916933508322251,0.17650549849607458,330,445,-115,Mainstream Mid-Tier,Tier 2,1762375.0,447425.4510015065,88492.8007412289,0.0952018617497471
Madhya Pradesh,Chhindwara,0.169105768744104,0.3482343643588443,0.355111825756648,502,539,37,0.0985829018630212,0.0296594431563804,0.0540732278858707,0.2831514371546582,0.14654775626018024,502,589,-87,Mainstream Mid-Tier,Tier 3,2090922.0,525174.9513776479,88810.11387786458,0.0689747584537327
Madhya Pradesh,Damoh,0.27318741119363,0.3991754630596483,0.3595370503240909,181,319,138,0.1018851113713932,0.2297928913362478,0.1530113535857652,0.3248030396381236,0.25687713908222604,181,199,-18,Established High-Value,Tier 2,1264219.0,309217.1381898663,84474.22947879252,0.1300875927762932
Madhya Pradesh,Datia,0.1396049761325536,0.2950856601422373,0.2954068921934222,650,684,34,0.0844429657105142,0.0243482210627509,0.0453435331256167,0.2463304460214385,0.11152381497864688,650,687,-37,Mainstream Mid-Tier,Tier 4,786754.0,172408.13071995077,24069.03297421691,0.0187534329202803
Madhya Pradesh,Dewas,0.304900640451842,0.4527045906830143,0.4027950884108265,72,113,41,0.1124025213443476,0.269704682383087,0.1741134294597502,0.3326239824536344,0.28976350976276466,72,116,-44,Established High-Value,Tier 1,1563715.0,401475.6634543137,122410.18691304843,0.1964999753833904
Madhya Pradesh,Dhar,0.1710076909004015,0.3246874666972532,0.3268016280134065,492,623,131,0.0963804355826744,0.0341767376976643,0.0573931081759447,0.2423304649618806,0.1423265325875611,492,603,-111,Mainstream Mid-Tier,Tier 3,2185793.0,503663.7412769336,86130.37338602565,0.0673806086664931
Madhya Pradesh,Dindori,0.1970113769854638,0.3388690440700212,0.3501290714475403,335,568,233,0.1453178611261141,0.1036706171681605,0.1227403452353841,0.282694831161872,0.17438487360262211,335,459,-124,Mainstream Mid-Tier,Tier 2,704524.0,220760.1977693884,43492.27054613053,0.0572875551892938
Madhya Pradesh,Guna,0.1402402166899651,0.2801707980481319,0.2757600814850923,648,696,48,0.0641011148123403,0.0202394042682874,0.0360190002184245,0.2442598424479803,0.11184846500003967,648,686,-38,Mainstream Mid-Tier,Tier 4,1241519.0,220144.0871061639,30873.054478782982,0.0189681437490386
Madhya Pradesh,Gwalior,0.1624944279920282,0.3379204975993837,0.3337983288846585,544,574,30,0.0834433891923324,0.029283102485966,0.0494315821868511,0.2567590086299571,0.13597755122939928,544,622,-78,Mainstream Mid-Tier,Tier 4,2032036.0,456989.9245374855,74258.31638583884,0.0530880694762922
Madhya Pradesh,Harda,0.1529652534948057,0.35007072399916,0.3244429262481408,592,533,59,0.0763762472067062,0.062175483244185,0.0689110301653827,0.2703538227911907,0.1284875988563618,592,645,-53,Mainstream Mid-Tier,Tier 4,570465.0,139235.65990338978,21298.218012638572,0.022215381240372
Madhya Pradesh,Hoshangabad,0.2876738786482516,0.4430264672481228,0.401506570423194,129,146,17,0.1248462680784728,0.2411317484774405,0.173506192721313,0.3154051764772356,0.2699539270627145,129,172,-43,Established High-Value,Tier 1,1241350.0,355517.69758096104,102273.15499121121,0.1629075104330195
Madhya Pradesh,Indore,0.2314380122168309,0.4109012694332679,0.3848096971169827,254,267,13,0.1278177891106464,0.1136827246403005,0.120543247523856,0.292478984158661,0.21027913178350757,254,306,-52,Mainstream Mid-Tier,Tier 2,3276697.0,737927.2849206245,170784.42398259236,0.1953956583293202
Madhya Pradesh,Jabalpur,0.1843550181621965,0.3622367773257063,0.3730359545707521,390,485,95,0.1067601815311617,0.050153549424645,0.073173779737056,0.2602147833064341,0.15835650760103911,390,529,-139,Mainstream Mid-Tier,Tier 3,2463289.0,677379.5287580435,124878.31532688922,0.1091390259297704
Madhya Pradesh,Jhabua,0.1540727300402616,0.3034694305141539,0.3169618574404306,587,671,84,0.0976836143665619,0.0327278626059039,0.056541806743656,0.2768407380807733,0.1305681126952551,587,639,-52,Mainstream Mid-Tier,Tier 4,1025048.0,248210.32082896,38242.44175428707,0.0325750107767025
Madhya Pradesh,Katni,0.1636697424364573,0.3440385026425751,0.3382205790882787,532,550,18,0.0807009743722278,0.0490795965383593,0.0629346586742267,0.3246497760105193,0.14733648078091272,532,584,-52,Mainstream Mid-Tier,Tier 4,1292042.0,334478.1986499217,54743.96062364288,0.0478874885081848
Madhya Pradesh,Khandwa (East Nimar),0.1601994054637905,0.3509765656645761,0.3349473048234749,556,530,26,0.0749598231172272,0.0434694038925942,0.0570829118633604,0.2944730676627642,0.13933963755608264,556,615,-59,Mainstream Mid-Tier,Tier 4,1310061.0,304075.3691127388,48712.6933480434,0.0406481865237077
Madhya Pradesh,Khargone (West Nimar),0.1581204387960696,0.3295033615133295,0.3299915411636385,569,601,32,0.079866227389689,0.0257811691922701,0.0453766979966799,0.261960931559839,0.13238385047292298,569,634,-65,Mainstream Mid-Tier,Tier 4,1873046.0,417797.9957933328,66062.40242296022,0.0457303466861032
Madhya Pradesh,Mandla,0.3109335063791097,0.4604603796760382,0.4346765411789971,60,91,31,0.1511139598292191,0.272742864941343,0.2030154041851313,0.369846551677345,0.301379761073589,60,88,-28,Established High-Value,Tier 1,1054905.0,351269.9980978391,109221.61219434431,0.1846141207632395
Madhya Pradesh,Mandsaur,0.1555558214447462,0.3318144097582196,0.3509388754329298,581,598,17,0.0904482016074195,0.0280631037790788,0.0503811201576548,0.2636821589012934,0.1300774172228177,581,642,-61,Mainstream Mid-Tier,Tier 4,1340411.0,390439.5497676697,60735.144888626724,0.0471432267749911
Madhya Pradesh,Morena,0.2941049104864314,0.4395920692535874,0.3925863567474741,105,154,49,0.102400978864336,0.246993664217494,0.1590358229744498,0.3348443167635372,0.2793008299438395,105,140,-35,Established High-Value,Tier 1,1965970.0,429917.1362564311,126440.74087528061,0.1934839416978738
Madhya Pradesh,Narsimhapur,0.1548700632938542,0.3398995644268247,0.344313477304928,583,564,19,0.0946556127614003,0.0315512626940282,0.0546489167660179,0.2701389534909565,0.1303601782603752,583,641,-58,Mainstream Mid-Tier,Tier 4,1091854.0,289209.98095089174,44789.96805507897,0.0375684521649775
Madhya Pradesh,Neemuch,0.1384767913193723,0.3160412930496767,0.3207831471850491,652,649,3,0.074862562442746,0.0241881056224628,0.0425533026630526,0.2511855719733473,0.1111238990582519,652,688,-36,Mainstream Mid-Tier,Tier 4,826067.0,197507.80618262864,27350.247260698896,0.0204101046502211
Madhya Pradesh,Panna,0.1509000448560587,0.3015881834904659,0.2907477835360527,602,677,75,0.0668927489162447,0.0443485710327414,0.0544664835186504,0.2767256813924475,0.12737816900780335,602,648,-46,Mainstream Mid-Tier,Tier 4,1016520.0,203102.0352833636,30648.106234616385,0.0251189635124709
Madhya Pradesh,Raisen,0.1493134333405779,0.3152976126724114,0.3089242299318549,605,652,47,0.0767054798382122,0.0253290493926621,0.0440780771757336,0.2478929609748442,0.12146664942968204,605,666,-61,Mainstream Mid-Tier,Tier 4,1331597.0,280252.1149354937,41845.40548197681,0.0295220892328634
Madhya Pradesh,Rajgarh,0.256188640160942,0.3818020292022619,0.3515227578297148,214,405,191,0.0981331974627588,0.194309581498569,0.1380877276592859,0.3164224534657719,0.2386212801236853,214,248,-34,Established High-Value,Tier 2,1545814.0,353943.2703215061,90676.24511778334,0.1299425515978001
Madhya Pradesh,Ratlam,0.327483709765877,0.4636566764663489,0.4018806449048607,24,88,64,0.1095973644780777,0.3119687566596962,0.1849079596161438,0.366628449006845,0.3174472490597812,24,62,-38,Established High-Value,Tier 1,1455069.0,325058.3418424692,106451.3116769164,0.1788653873132583
Madhya Pradesh,Rewa,0.285189848560104,0.425763554111159,0.3907873435795487,135,201,66,0.1059011133563636,0.2243012384072416,0.1541225190377384,0.3321178838277268,0.2699768030771405,135,171,-36,Established High-Value,Tier 1,2365106.0,602494.2606149344,171825.24694310495,0.2516862273802899
Madhya Pradesh,Sagar,0.3162083467158003,0.4533658573224106,0.4163810640665077,48,109,61,0.1731760734338476,0.2410493987546559,0.2043134561890653,0.340558742143195,0.30226142998015704,48,85,-37,Established High-Value,Tier 1,2378458.0,713825.5810758336,225717.6068354348,0.3538564987000473
Madhya Pradesh,Satna,0.2015653405758489,0.3571014225323508,0.3463338360813525,321,505,184,0.1325842573121787,0.0682577577007031,0.0951309839670671,0.2810376368265876,0.17869025804271454,321,432,-111,Mainstream Mid-Tier,Tier 2,2228935.0,563275.7497277152,113536.86833198354,0.1182075205856116
Madhya Pradesh,Sehore,0.2559682270487895,0.4101284753886007,0.3753906860060028,215,271,56,0.1165012856346527,0.189190979096024,0.1484620904310777,0.2919550212370803,0.23473075217722908,215,262,-47,Established High-Value,Tier 2,1311332.0,330354.4626956358,84560.24611385737,0.1239833972607642
Madhya Pradesh,Seoni,0.165330872709109,0.342641019840117,0.3600867889916021,522,554,32,0.1069582776151991,0.0339397311003977,0.0602506031606452,0.3414009783959289,0.15151029141137587,522,565,-43,Mainstream Mid-Tier,Tier 3,1379131.0,401416.6676668464,66366.5679853421,0.057763953757645
Madhya Pradesh,Shahdol,0.1518873449975543,0.3205325029392835,0.3328293628463009,596,638,42,0.093949645141797,0.0280668517578241,0.0513504699384046,0.3229367989693337,0.13529713678583186,596,627,-31,Mainstream Mid-Tier,Tier 4,1066063.0,278155.4335667448,42248.29030109646,0.034391721694854
Madhya Pradesh,Shajapur,0.1560042666433695,0.3368780243998999,0.323270491402745,579,579,0,0.0846100505369909,0.0526279876234443,0.0667297287007804,0.4730509834499998,0.161931186103747,579,519,60,Mainstream Mid-Tier,Tier 4,756340.5,165315.4271876737,25789.91198324838,0.025169373215494
Madhya Pradesh,Sheopur,0.1311028394617581,0.2786824814748929,0.2896677529252467,670,698,28,0.0731746663259091,0.0206085867127691,0.038833316316733,0.2620827452437536,0.10538452319119865,670,698,-28,Mainstream Mid-Tier,Tier 4,687861.0,155022.64260448323,20323.908626313067,0.0146416057824539
Madhya Pradesh,Shivpuri,0.1492113180350451,0.2959165269614517,0.2925489620185296,606,683,77,0.0673065391852478,0.021286525557274,0.0378513192179406,0.26452411028951,0.1238592065213491,606,661,-55,Mainstream Mid-Tier,Tier 4,1726050.0,322351.427464735,48098.481362491344,0.0294343360642732
Madhya Pradesh,Sidhi,0.2832442536376873,0.4128256102674973,0.373306861700033,141,258,117,0.1029681710992091,0.2501724849180476,0.1604986081913355,0.340504820449265,0.26928924864795456,141,174,-33,Established High-Value,Tier 1,1127033.0,281208.47272600053,79650.68397386996,0.1271557113506898
Madhya Pradesh,Singrauli,0.1486399317839566,0.296606826695765,0.310855283848187,610,682,72,0.0879859816150234,0.023549286072094,0.0455193041619289,0.2809792963011742,0.12575609817201022,610,657,-47,Mainstream Mid-Tier,Tier 4,1178273.0,290243.1942443985,43141.728593245054,0.0319659039850328
Madhya Pradesh,Tikamgarh,0.1518907537189499,0.3056711305874958,0.3067193880836726,595,666,71,0.0800044456075012,0.0244572252376602,0.0442344520282188,0.2695681093545087,0.1272952420650037,595,649,-54,Mainstream Mid-Tier,Tier 4,1445166.0,296809.57627434103,45082.630251311806,0.0319072595552549
Madhya Pradesh,Ujjain,0.1832082537976749,0.3839126615763686,0.3611787560798991,399,397,2,0.0824677868026231,0.0659419465870839,0.0737433820250577,0.2914612627778592,0.1618967151572313,399,521,-122,Mainstream Mid-Tier,Tier 3,1986864.0,503755.40821921465,92292.1486809772,0.085454412650573
Madhya Pradesh,Umaria,0.1449539704423011,0.2979183530766404,0.3105497407199272,630,680,50,0.0972943107027592,0.0334868328410856,0.0570795788254603,0.2492267058193306,0.1173072482580782,630,675,-45,Mainstream Mid-Tier,Tier 4,644758.0,172700.37729747553,25033.605386152514,0.0229410301748816
Madhya Pradesh,Vidisha,0.2322680758633158,0.3775450595773528,0.3539139242447069,252,422,170,0.0956158099314556,0.1551319753912366,0.1217910894659364,0.316354511605658,0.21469052454704202,252,297,-45,Established High-Value,Tier 2,1458875.0,329805.57555115566,76603.30644226035,0.1021856342367356
Maharashtra,Ahmednagar,0.3168242506263048,0.4870298409858451,0.4273994013394353,44,33,11,0.1159886044310391,0.2487807675667196,0.1698697561055132,0.4426663618948706,0.3181934768534129,44,60,-16,Established High-Value,Tier 1,4543159.0,1153477.027699939,365449.4949156906,0.5339680153077412
Maharashtra,Akola,0.3163088718710993,0.4863595546942896,0.4078459777744076,47,34,13,0.1189624775839389,0.2789531298801115,0.1821673830858103,0.4399983386107851,0.3172778946055946,47,63,-16,Established High-Value,Tier 1,1813906.0,413308.7152137311,130733.21344374874,0.2109343402468937
Maharashtra,Amravati,0.2938940260851446,0.4852547703970506,0.4193728820486193,108,35,73,0.1070103346566389,0.2286775792439877,0.1564316601055208,0.4878305384859863,0.30203787880092003,108,86,22,Established High-Value,Tier 1,2888445.0,676166.5717544096,198721.31607709324,0.2901398898258552
Maharashtra,Aurangabad,0.2968929560532952,0.4645152005929837,0.4121314361194371,92,85,7,0.1159547370398165,0.2220881774304177,0.160474846046339,0.421858667616744,0.2951410281386843,92,99,-7,Established High-Value,Tier 1,3701282.0,940963.3241050844,279365.3828312934,0.398499165602141
Maharashtra,Bhandara,0.1700633365911261,0.3748499710719529,0.3523977090823265,498,436,62,0.0978388866035648,0.0514525154412057,0.0709510875443097,0.4395131238101323,0.17095957710552345,498,471,27,Mainstream Mid-Tier,Tier 3,1200334.0,284944.36081114144,48458.588742368425,0.0465067162439639
Maharashtra,Bid,0.2939095406179906,0.4470146687909841,0.4035284645922933,107,131,24,0.1316076975114962,0.2216645643149642,0.1708003598631496,0.4172698796126576,0.2914692945027667,107,108,-1,Established High-Value,Tier 1,2585049.0,714523.4868254132,210005.269773622,0.310835595267653
Maharashtra,Buldana,0.297916466029571,0.4697046521680276,0.4039772047921882,87,63,24,0.1083162192649557,0.2395748218712421,0.1610895370164312,0.4333622545856013,0.29789007616028873,87,92,-5,Established High-Value,Tier 1,2586258.0,592945.2099702007,176648.14150348413,0.2639269614345376
Maharashtra,Chandrapur,0.1897120224973837,0.4107674064314517,0.3741421788530696,360,269,91,0.0902116196736618,0.0672426929371249,0.0778849936834865,0.4776243867937998,0.19632495245933118,360,357,3,Mainstream Mid-Tier,Tier 3,2204307.0,533872.1118861057,101281.95810086264,0.0963823810560252
Maharashtra,Dhule,0.3325352796838818,0.4512784538077448,0.4052714475791902,18,116,98,0.2167912528824856,0.251575785914685,0.2335367847328136,0.4267112569977018,0.3315112401764146,18,38,-20,Established High-Value,Tier 1,2050862.0,554863.7579939113,184511.774950955,0.302282263507245
Maharashtra,Gadchiroli,0.163573917598981,0.3334155519629693,0.3219882827763298,533,596,63,0.1111135213114097,0.037382836444605,0.064449504218175,0.4368993322978291,0.16407808938653287,533,504,29,Mainstream Mid-Tier,Tier 4,1072942.0,240178.88992226231,39287.00194915886,0.036697499320729
Maharashtra,Gondiya,0.1747512660389699,0.3789584862268029,0.3512591947492279,460,414,46,0.0958807525959835,0.0567491202567532,0.0737641400639733,0.4583975293502413,0.1784801673843836,460,434,26,Mainstream Mid-Tier,Tier 3,1322507.0,292832.1126931797,51172.78242999946,0.049751728626997
Maharashtra,Hingoli,0.2480160178816474,0.4116325582292937,0.351410286069801,231,264,33,0.0873191584699429,0.1939290825484712,0.1301296441668101,0.4277670933568832,0.2471503538280574,231,223,8,Established High-Value,Tier 2,1177345.0,228260.8548260679,56612.348252222175,0.0823924568058953
Maharashtra,Jalgaon,0.1985596283078046,0.3925844935633062,0.3744014074922582,328,351,23,0.0911725999383937,0.0611931167658727,0.0746936111985378,0.3673240681760936,0.18862751047709614,328,387,-59,Mainstream Mid-Tier,Tier 2,4229917.0,1097060.8335784955,217831.99134639636,0.1845975307250404
Maharashtra,Jalna,0.2870332358267367,0.447894634569734,0.3932886503893478,131,128,3,0.1290403893367271,0.221242803706658,0.1689652553877756,0.4495611891194112,0.2894366861375259,131,119,12,Established High-Value,Tier 1,1959046.0,537167.5236441913,154184.93249262733,0.2322663594365227
Maharashtra,Kolhapur,0.2825055022084752,0.4509928880100714,0.4534571025652054,145,117,28,0.2737398514255835,0.1106101277945683,0.1740068962675041,0.4315982296665843,0.28221450860134034,145,134,11,Mainstream Mid-Tier,Tier 1,3876001.0,1436571.761700996,405839.42699785385,0.5527144426763567
Maharashtra,Latur,0.2921977959239327,0.4664871289254331,0.4036861934176655,113,77,36,0.1073166374015905,0.2310293578706377,0.1574588639223766,0.4564014713442703,0.2956272885684507,113,98,15,Established High-Value,Tier 1,2454196.0,517244.0630455536,151137.57517665043,0.2242059775765424
Maharashtra,Mumbai,0.3862296699774676,0.4407099395155208,0.4283693515807131,5,151,146,0.2486831042163814,0.369447056378419,0.3031092885805213,0.4274318400255956,0.38531371792418445,5,14,-9,Elite Metro Powerhouses,Tier 1,3085411.0,804638.7901769708,310775.3743811202,0.529941173806384
Maharashtra,Mumbai Suburban,0.4291241226789246,0.4648720494853036,0.4661136678026017,2,84,82,0.2958872964618591,0.3795083644251673,0.3350995433217191,0.4223460474229019,0.42744530173523737,2,4,-2,Elite Metro Powerhouses,Tier 1,9356962.0,2945835.9329424864,1264129.2602799959,2.0855462531840177
Maharashtra,Nagpur,0.2394831972465228,0.4297028088419818,0.3942927925498489,245,186,59,0.1166690084581643,0.1234824019894725,0.1200273693877535,0.4286232646496268,0.23874595888684436,245,247,-2,Mainstream Mid-Tier,Tier 2,4653570.0,1026312.2829639972,245784.54689759607,0.2734830870260681
Maharashtra,Nanded,0.290961512735174,0.4463761956034443,0.381706965508571,118,133,15,0.0968004746894046,0.2252429711192005,0.14766051105421,0.4298705884163956,0.29041137294051084,118,113,5,Established High-Value,Tier 1,3361292.0,640279.9389441749,186296.81960918198,0.2648502003538834
Maharashtra,Nandurbar,0.3118814041355533,0.453212612517876,0.4010610022709985,57,111,54,0.1391729587952818,0.2657639777776665,0.192320459464201,0.499472452900069,0.32177154401344116,57,52,5,Established High-Value,Tier 1,1648295.0,447170.5772843604,139464.18753155228,0.2254922400947651
Maharashtra,Nashik,0.3108611598074653,0.4816122108572884,0.4238059580237262,61,45,16,0.1100671284354727,0.2324059337058236,0.1599382810785611,0.4268046272033476,0.30985112583084495,61,68,-7,Established High-Value,Tier 1,6107187.0,1614754.926402874,501964.58922641573,0.6978463336489685
Maharashtra,Osmanabad,0.2682252452500414,0.4500462752134772,0.4029009158131912,194,119,75,0.1149670999760523,0.200361166139675,0.1517726662442828,0.4485492203566773,0.27047690024642046,194,170,24,Established High-Value,Tier 2,1657576.0,431966.43694949616,115864.30349056514,0.1701074533236401
Maharashtra,Palghar,0.2042570277345371,0.3999078250142388,0.3770925453649592,314,316,2,0.093715665632917,0.0588099519094361,0.0742388967390589,0.5665840393891859,0.2242139055857925,314,283,31,Mainstream Mid-Tier,Tier 2,5530074.0,1373143.6681162368,280474.2443019222,0.2312601342136049
Maharashtra,Parbhani,0.2790978151981205,0.4364612078364591,0.3858122256375012,155,161,6,0.1192083756353303,0.2144522507510162,0.1598890379712418,0.4192254256334412,0.27695090098601416,155,146,9,Established High-Value,Tier 1,1836086.0,444330.977763088,124011.80511852252,0.1847555971047552
Maharashtra,Pune,0.2919989408080903,0.4600690759152686,0.430939491201662,114,93,21,0.1682931927377092,0.1663299534405802,0.1673086934753534,0.4223892771777491,0.2903266043276302,114,114,0,Mainstream Mid-Tier,Tier 1,9429408.0,2479485.6318293936,724007.1782430615,0.8963643479814781
Maharashtra,Raigarh,0.1966426755047623,0.3925075197852536,0.369197451310149,337,352,15,0.103498764588652,0.0680897277454227,0.0839476188038047,0.4166944567802647,0.1941161159646795,337,363,-26,Mainstream Mid-Tier,Tier 2,2634200.0,631264.6620924618,124133.5721054714,0.1190358320425599
Maharashtra,Ratnagiri,0.1745191718069313,0.3850876280784751,0.3992746408460139,463,390,73,0.1164191216333459,0.0382085686926268,0.0666948874057297,0.3981769039316707,0.16921497933955942,463,478,-15,Mainstream Mid-Tier,Tier 3,1615069.0,554157.4096136593,96711.0921764502,0.0879473587165889
Maharashtra,Sangli,0.2110786269932498,0.3939351726111242,0.4110973615054426,285,343,58,0.1758502099588491,0.049321170748652,0.0931296850180795,0.3935030385629494,0.20507335472056973,285,320,-35,Mainstream Mid-Tier,Tier 2,2822143.0,957724.2937257488,202155.12895771096,0.2119816809385514
Maharashtra,Satara,0.3230031966423232,0.5083823206582496,0.4563866860123745,32,17,15,0.1384048669825176,0.262138868754401,0.1904764952977152,0.4464285575111989,0.32493675221188056,32,47,-15,Established High-Value,Tier 1,3003741.0,923149.5413581112,298180.25283756445,0.4620143770709987
Maharashtra,Sindhudurg,0.1634399590064853,0.3687712348357396,0.3982571830775619,536,461,75,0.12663240981722,0.0372218582514137,0.0686548877229546,0.3891755966054832,0.1567855704401853,536,542,-6,Mainstream Mid-Tier,Tier 4,849651.0,327991.3517507129,53606.89308461822,0.0540660484988191
Maharashtra,Solapur,0.3188136568396353,0.482814456705212,0.4329319248568818,41,42,1,0.1251291851481455,0.2507843101137798,0.177145240897059,0.483217055789537,0.3262654871509434,41,44,-3,Established High-Value,Tier 1,4317756.0,1157947.4486175184,369169.46052187675,0.5449785342491575
Maharashtra,Thane,0.2481115496369038,0.4093798639749758,0.4147217637791974,230,277,47,0.1866774568912917,0.0911836125900581,0.1304680991985122,0.551149039753177,0.26575317754275785,230,183,47,Mainstream Mid-Tier,Tier 2,5530074.0,1630011.0730996511,404424.5732720669,0.4549128359009615
Maharashtra,Wardha,0.1510593336201795,0.3502933270756058,0.3239754531405281,601,532,69,0.0721240841406148,0.0279673708005049,0.0449123702871201,0.4345727488552259,0.1512145178913409,601,567,34,Mainstream Mid-Tier,Tier 4,1300774.0,239940.02705436104,36245.18059563962,0.0266309865286198
Maharashtra,Washim,0.2810528828050068,0.4418456797165111,0.3779690173829277,149,149,0,0.1159655466846826,0.2349896568353368,0.1650778725939846,0.4807576593541736,0.2881358036510103,149,123,26,Established High-Value,Tier 1,1197160.0,285029.4878845396,80108.3592543846,0.1263939823729273
Maharashtra,Yavatmal,0.1874089100093572,0.3832925687956676,0.3534628112235561,373,400,27,0.0870546949607275,0.0572801446202484,0.0706151932463693,0.3860219425284984,0.18028147333150946,373,422,-49,Mainstream Mid-Tier,Tier 3,2772348.0,554325.9272851417,103885.6178224346,0.0901068524768129
Manipur,Bishnupur,0.2370927102655244,0.3978807239880025,0.3887114839089411,248,325,77,0.1646968978465753,0.1931617967237206,0.1783624083232438,0.4255511130735973,0.2358946491694415,248,258,-10,Established High-Value,Tier 2,237399.0,83739.89071548017,19854.117647072017,0.0350358284547257
Manipur,Chandel,0.1420200972010357,0.3345335994229794,0.3461235133749443,640,592,48,0.1344399369273706,0.0620328090009765,0.0913218863664067,0.4239554617099018,0.14058268840039848,640,609,31,"Small Underserved, Chronic-Leaning",Tier 4,144182.0,48165.70855797404,6840.49861116023,0.0098709606340929
Manipur,Churachandpur,0.15299341761708,0.3346969239899675,0.34616753336652,591,591,0,0.1390012563411126,0.0532341829844267,0.0860210341435627,0.4296490374896661,0.15241004518340742,591,560,31,"Small Underserved, Chronic-Leaning",Tier 4,274143.0,86744.09543862456,13271.27561925733,0.0172205329990529
Manipur,Imphal East,0.2945608713535018,0.4467029517482059,0.4322179123643864,104,132,28,0.2023447892955703,0.2474613585061572,0.2237688907013751,0.4726935178224845,0.30043417096975195,104,90,14,Established High-Value,Tier 1,456113.0,173686.91589683382,51161.36928927375,0.0918371414223827
Manipur,Imphal West,0.1784506333565458,0.3685722920094212,0.403620432397024,441,462,21,0.1756461431458277,0.0560377613787033,0.0992109704452862,0.3586673259574535,0.16722000419304134,441,488,-47,Mainstream Mid-Tier,Tier 3,517992.0,214180.9173770533,38220.72035882116,0.0490448459966618
Manipur,Senapati,0.1650790410363458,0.3444532162455113,0.3468575601854762,524,548,24,0.1294203258484469,0.0612913600836471,0.08906372883346,0.387837507926512,0.1582239391682001,524,532,-8,Mainstream Mid-Tier,Tier 3,479148.0,142691.52826967527,23555.38065076862,0.0284500769258327
Manipur,Tamenglong,0.1293481315471288,0.2883833168310448,0.3013491183892559,673,693,20,0.1200755792392163,0.0498528541970569,0.0773699576349878,0.4018105028711379,0.12458897892067698,673,660,13,"Small Underserved, Chronic-Leaning",Tier 4,140651.0,41570.33003269612,5377.044517526736,0.0072446803199674
Manipur,Thoubal,0.1577535647181506,0.3360453092512914,0.3509203885451508,570,585,15,0.1377810562054292,0.047626488257724,0.0810063445385896,0.3716043512360353,0.1484634893464334,570,577,-7,"Small Underserved, Chronic-Leaning",Tier 4,422168.0,136622.47643023625,21552.68267749128,0.0256325363438593
Manipur,Ukhrul,0.1358162437437508,0.3019160500875349,0.3081047103304351,657,675,18,0.116244137024193,0.0526033881595028,0.0781974133916849,0.4106619923048468,0.13238481453235532,657,633,24,"Small Underserved, Chronic-Leaning",Tier 4,183998.0,52191.63860696674,7088.472310429549,0.0092033777606219
Meghalaya,East Garo Hills,0.3074186624769973,0.4688771580544429,0.4056206571369461,66,66,0,0.1390330081307128,0.3133593639469701,0.208727801204042,0.6561588032878882,0.34081175491305804,66,32,34,Established High-Value,Tier 1,317917.0,77806.10700836066,23919.04934905236,0.045155385780669
Meghalaya,East Jaintia Hills,0.2733580964056209,0.4248357256022728,0.3661574638413292,180,206,26,0.1555853236046538,0.2652585128356843,0.2031510067866491,0.6297125135534711,0.3027842453815191,180,82,98,Established High-Value,Tier 2,197562.0,49727.33647506644,13593.370038145962,0.0258411440624884
Meghalaya,East Khasi Hills,0.3059188286040089,0.4737652568090233,0.4084655212292011,70,57,13,0.150619867363279,0.2735282322009937,0.2029748409390332,0.4053448848480215,0.3016898332740896,70,87,-17,Established High-Value,Tier 1,825922.0,210905.9171231164,64520.09111195795,0.1109146303062418
Meghalaya,North Garo Hills,0.1422651319766278,0.3396014909530248,0.3329574472238338,638,565,73,0.101584253628821,0.0499770595361563,0.0712522441158424,0.5438417658383778,0.15881066879526198,638,527,111,"Small Underserved, Chronic-Leaning",Tier 4,321645.5,88093.7593937498,12532.67030646911,0.0143562358140076
Meghalaya,Ribhoi,0.267107816833003,0.4262861729019092,0.3556842028889522,195,198,3,0.1335165973456768,0.257955788160383,0.1855838869643498,0.3974564602757992,0.2616955578172504,195,187,8,Established High-Value,Tier 2,258840.0,53535.968477662886,14299.875662109,0.0262081946185115
Meghalaya,South Garo Hills,0.1200410647224565,0.3403503018124909,0.3261516359293127,689,561,128,0.1089447651914662,0.0616879206548337,0.0819791194810645,0.2904906147883517,0.09858392888358677,689,703,-14,"Small Underserved, Chronic-Leaning",Tier 4,71167.0,20602.649527287394,2473.163985359194,0.0038516545832749
Meghalaya,South West Garo Hills,0.2742351202439743,0.4319682588493344,0.3633874351927542,174,173,1,0.1336305101420828,0.3160887362117799,0.205521529456518,0.6439886695635371,0.3058026926213824,174,78,96,Established High-Value,Tier 1,71167.0,19111.56725811929,5241.062945081145,0.0110095282532861
Meghalaya,South West Khasi Hills,0.2562421841167546,0.4289922323586257,0.366578546745459,213,191,22,0.1382463625971342,0.2451883477507659,0.1841097423488084,0.6327639265306466,0.2861260450392291,213,129,84,Established High-Value,Tier 2,191730.5,46527.96496145306,11922.42736423056,0.0222428889635315
Meghalaya,West Garo Hills,0.1624162397493084,0.4036591122810471,0.3913761157567938,545,296,249,0.1243783922919563,0.0699478049848867,0.0932737665604402,0.5957805394515758,0.1867525926099223,545,394,151,"Small Underserved, Chronic-Leaning",Tier 4,321645.5,102113.02644480264,16584.813784586535,0.0218335809659466
Meghalaya,West Jaintia Hills,0.2736768948738348,0.4156999077617575,0.3533680876064644,178,238,60,0.1416497185676747,0.2733007542184611,0.1967561305763514,0.6242579033998933,0.3022848523266963,178,84,94,Established High-Value,Tier 2,197562.0,46526.37381545625,12733.193515553361,0.0242151730181569
Meghalaya,West Khasi Hills,0.289823105606826,0.4443411349947909,0.371599933733831,121,141,20,0.1464084070233975,0.2992097677696206,0.2093008013959594,0.6421517675214954,0.32111514267792785,121,55,66,Established High-Value,Tier 1,191730.5,46332.91932968066,13428.350571958588,0.026076046720165
Mizoram,Aizawl,0.2116354555253885,0.4105404498711303,0.4194028583619296,284,270,14,0.2377731247587199,0.0878117690307983,0.1444966391063955,0.3570618750076755,0.20016400871941734,284,338,-54,"Small Underserved, Chronic-Leaning",Tier 2,400309.0,151411.00092937157,32043.936153242576,0.0494223206073613
Mizoram,Champhai,0.1336493030485248,0.3278538217525163,0.327771097337151,665,610,55,0.1548578262289961,0.0399822045751974,0.0786864492041552,0.3346665914755394,0.11881856371273322,665,674,-9,"Small Underserved, Chronic-Leaning",Tier 4,125745.0,35812.981891749376,4786.380069921743,0.0068429964702643
Mizoram,Kolasib,0.141681266815683,0.3341434882829377,0.3437310159675653,641,595,46,0.188199410935044,0.0501422078007014,0.0971428534225476,0.3351607177168071,0.12692464641608156,641,651,-10,"Small Underserved, Chronic-Leaning",Tier 4,83955.0,27652.14514940856,3917.7909549393485,0.0064370895242704
Mizoram,Lawngtlai,0.1315095984188662,0.2967508557001411,0.3080232600954328,669,681,12,0.150394028146419,0.0405523655687936,0.0780950293473088,0.4108830033118886,0.128111320858527,669,646,23,"Small Underserved, Chronic-Leaning",Tier 4,117894.0,33497.72378785454,4405.272203286852,0.006334362912142
Mizoram,Lunglei,0.133863353749876,0.3300293351278091,0.330751189598219,664,600,64,0.1391814120579663,0.0392342145772615,0.0738963692331937,0.3503367624037392,0.1213831400533144,664,667,-3,"Small Underserved, Chronic-Leaning",Tier 4,161428.0,46386.6941691355,6209.478450850297,0.0082733620997197
Mizoram,Mamit,0.1350310583074372,0.3133834530449699,0.3173472509196596,660,656,4,0.1760810498251532,0.0449178565870314,0.0889335895134125,0.3575962704627756,0.12363977081973104,660,662,-2,"Small Underserved, Chronic-Leaning",Tier 4,86364.0,24842.99266376343,3354.5755909118743,0.0053289283700914
Mizoram,Saiha,0.241803963681158,0.4007372299665083,0.3586048865226646,243,312,69,0.1872551668031706,0.2371688194000465,0.2107393813155641,0.4146478430345622,0.23897041207921985,243,246,-3,"Small Underserved, Chronic-Leaning",Tier 2,56574.0,15089.557845302,3648.714897190138,0.0076414318514682
Mizoram,Serchhip,0.1405174718669487,0.3404567877999095,0.3303465199523066,645,560,85,0.1782048755112528,0.0616913725393485,0.104850862483305,0.379291830863533,0.13238051843935617,645,635,10,"Small Underserved, Chronic-Leaning",Tier 4,64937.0,17958.177120224314,2523.437648272802,0.004372555942888
NCT of Delhi,Central,0.1821752469863083,0.4297026243097203,0.3972092900028456,408,187,221,0.1376814966865655,0.0780981715345663,0.1036950970169912,0.8199296634677846,0.2401339684493535,408,243,165,Mainstream Mid-Tier,Tier 3,582320.0,193666.21460736237,35281.190478999626,0.0449641711637961
NCT of Delhi,East,0.3306295293745421,0.5313498706830861,0.4398068429737372,22,5,17,0.1328639529163078,0.3243374968129239,0.2075879618512245,0.8951989151858535,0.3998786385952976,22,12,10,Established High-Value,Tier 1,854673.0,247780.5517065452,81923.56719889943,0.1453080895129991
NCT of Delhi,New Delhi,0.1465704007815362,0.388860881959114,0.3472468137513935,624,367,257,0.1195899723223677,0.0783833264359802,0.0968186957101467,0.8157237395768367,0.2038982336609392,624,327,297,"Small Underserved, Chronic-Leaning",Tier 4,142004.0,43034.13116357644,6307.529851930595,0.0093482350335476
NCT of Delhi,North,0.2947540606143294,0.5083357739912123,0.4377991647986521,100,18,82,0.1307965669464484,0.2609742076856096,0.1847553258416308,0.8753650066750261,0.36102808355846083,100,22,78,Established High-Value,Tier 1,887978.0,269314.6028252727,79381.57276548448,0.1330079782805987
NCT of Delhi,North East,0.3360932571730147,0.5577707171614855,0.4653476082622082,15,1,14,0.1326991166598224,0.2980099412408998,0.1988608960014838,0.9014559078952138,0.4062809153001743,15,8,7,Established High-Value,Tier 1,2241624.0,679158.5549790715,228260.6108798341,0.3728880479480249
NCT of Delhi,North West,0.3138163973677565,0.5234806910109958,0.4476143033782607,50,9,41,0.1347960132657593,0.2405227143031347,0.1800597206149165,0.8738178473603309,0.37985834641468363,50,18,32,Established High-Value,Tier 1,3656539.0,1039783.7479230604,326301.1898147583,0.4854272411295887
NCT of Delhi,Shahdara,0.1763331617395584,0.428744671852295,0.3847721253919443,448,192,256,0.1057828600792088,0.0707869890561445,0.086533520434307,0.823434850191064,0.2348176612110955,448,261,187,Mainstream Mid-Tier,Tier 3,854673.0,246464.27942306743,43459.82564653146,0.0485691653759361
NCT of Delhi,South,0.3554845943160131,0.5454632676451312,0.4419800356754151,7,2,5,0.1329833254510569,0.3491578230466552,0.2154812484092198,0.909364592705268,0.4268585551646808,7,5,2,Established High-Value,Tier 1,1365964.5,337722.9810524927,120055.31691063994,0.210831089572911
NCT of Delhi,South East,0.1942228694353459,0.4492543779897555,0.3907164316226983,345,122,223,0.1115672452645162,0.0826633197666729,0.0960339464501357,0.8289155705030907,0.253529476953687,345,206,139,Mainstream Mid-Tier,Tier 2,1365964.5,391502.8065104738,76038.79847245524,0.0850813476150621
NCT of Delhi,South West,0.1784942081578467,0.4144371434481614,0.385607850809283,439,246,193,0.1027813187342001,0.0398919338427001,0.0640323790531805,0.7981318678018611,0.23318326027100336,439,265,174,Mainstream Mid-Tier,Tier 3,2292958.0,626816.103663899,111883.0440840744,0.0941057172847762
NCT of Delhi,West,0.3151641779499524,0.5375185763859704,0.4604010233481845,49,4,45,0.1382785960941742,0.2543950261535489,0.1875563570499637,0.8834763626436507,0.3826549042893775,49,16,33,Established High-Value,Tier 1,2543243.0,794669.7132190734,250451.42690841368,0.3890128046183012
Nagaland,Dimapur,0.1364031832850448,0.3266054653030489,0.3181205337146924,655,615,40,0.0922092454468151,0.0381847344526436,0.0593378930487531,0.3702993431853273,0.1269173567057214,655,652,3,"Small Underserved, Chronic-Leaning",Tier 4,378811.0,90645.48748487984,12364.3330433623,0.0126440618224382
Nagaland,Kiphire,0.1007112767612627,0.2673321461691589,0.2535436446784255,703,703,0,0.091534078724358,0.0387912153054159,0.0595879027620495,0.3779978562145215,0.09238022713631842,703,704,-1,"Small Underserved, Chronic-Leaning",Tier 4,74004.0,15579.027988560283,1568.9837994273523,0.0021202255339582
Nagaland,Kohima,0.1259539210270709,0.3267963730893173,0.3289110879424344,682,613,69,0.0971157452556264,0.0291382458328975,0.0531956996335558,0.373354561210838,0.11692637715157411,682,676,6,"Small Underserved, Chronic-Leaning",Tier 4,267988.0,72354.62189142228,9113.348331655778,0.0095139711050377
Nagaland,Longleng,0.1054564797301089,0.3014689016473963,0.3017526329892518,702,678,24,0.1094124932204035,0.0507695736938964,0.0745307026505601,0.4414236264808472,0.10663929564511349,702,695,7,"Small Underserved, Chronic-Leaning",Tier 4,50484.0,14791.362669665305,1559.8450375542486,0.002490432483926
Nagaland,Mokokchung,0.1181465197409527,0.3274650624010115,0.3262414970741809,692,612,80,0.093980124914823,0.0281594951332926,0.0514434920098275,0.4186901607104072,0.11591931579039129,692,678,14,"Small Underserved, Chronic-Leaning",Tier 4,194622.0,51532.93872744566,6088.437362671464,0.0066357962051899
Nagaland,Mon,0.1272494091087142,0.3205098438468994,0.3233455920870651,680,639,41,0.0951064242664295,0.0384988268158927,0.0605102120051821,0.4225376339293165,0.1255993261409892,680,658,22,"Small Underserved, Chronic-Leaning",Tier 4,250260.0,71530.48632272266,9102.212117825422,0.0098993201898135
Nagaland,Peren,0.1111054115709815,0.3020952629108726,0.2978285430551468,698,674,24,0.093096039286437,0.0459062674584068,0.0653734784052487,0.3814361550867448,0.10329010677687073,698,701,-3,"Small Underserved, Chronic-Leaning",Tier 4,95219.0,24208.792613512243,2689.7278669608145,0.0036057926469414
Nagaland,Phek,0.1188443343493817,0.3249002863647749,0.3312840116445191,691,620,71,0.0969332448163535,0.0373346778303143,0.0601578878141972,0.4143388415226359,0.1159644325206546,691,677,14,"Small Underserved, Chronic-Leaning",Tier 4,163418.0,48650.0010805824,5781.7769945185155,0.0068015005980323
Nagaland,Tuensang,0.1193699907236835,0.306828084010615,0.2958051663921157,690,662,28,0.0902377195957176,0.0338941905068852,0.0553040184695845,0.3983060958171043,0.11408517703912666,690,681,9,"Small Underserved, Chronic-Leaning",Tier 4,196596.0,46597.17630225323,5562.304502949813,0.0061191354101779
Nagaland,Wokha,0.1220624738767751,0.3432648805561096,0.3611453920606328,686,552,134,0.1068611100921145,0.033384947264951,0.0597289923328643,0.4131338702441612,0.11900182635627679,686,673,13,"Small Underserved, Chronic-Leaning",Tier 4,166343.0,57108.25707676904,6970.775137581278,0.0083940114940695
Nagaland,Zunheboto,0.115422148579813,0.3345075992125101,0.3565577261410201,694,593,101,0.1057465451381813,0.0287677651905698,0.0551551609575132,0.4245921618591494,0.11408024480156292,694,682,12,"Small Underserved, Chronic-Leaning",Tier 4,140757.0,47828.1063896095,5520.422801992611,0.0066525229189226
Odisha,Anugul,0.2885474254062391,0.4598954480467098,0.420534647851111,125,95,30,0.1488920223056753,0.2287097566932056,0.1845347072913124,0.4620006173525822,0.29281678995200394,125,106,19,Established High-Value,Tier 1,1273821.0,396296.2218042995,114350.2544998505,0.1819237338529291
Odisha,Balangir,0.1615929337116025,0.3427992387344394,0.3465613600198745,550,553,3,0.0956991701280859,0.0278225043624199,0.0516002963011709,0.3215280267412918,0.14479140966567378,550,595,-45,Mainstream Mid-Tier,Tier 4,1648997.0,421831.6317776172,68165.0109112976,0.0527209772275702
Odisha,Baleshwar,0.2967271209145926,0.4840586121766991,0.4412351787058299,94,36,58,0.152343593976927,0.218693783980745,0.1825283458316554,0.4075351731912008,0.2928266688361502,94,105,-11,Established High-Value,Tier 1,2320529.0,748292.0521919649,222038.5462501938,0.3351340957961241
Odisha,Bargarh,0.1733311528016251,0.3599781835411622,0.3663812454606764,475,495,20,0.1200226580533861,0.0391395649618673,0.0685392925392179,0.3863954516318503,0.16625974248928013,475,492,-17,Mainstream Mid-Tier,Tier 3,1481255.0,446062.484625908,77316.5246817658,0.0715026901172552
Odisha,Baudh,0.153004723603417,0.3447938205959724,0.333776233669714,590,547,43,0.1043057219334369,0.0571119793242738,0.0771822922338143,0.3426703453280746,0.1393745473455057,590,613,-23,"Small Underserved, Chronic-Leaning",Tier 4,441162.0,119227.923737593,18242.435517279697,0.020661703278435
Odisha,Bhadrak,0.3244472065855641,0.5121493888268912,0.4615889861755784,30,13,17,0.1529481030182524,0.2812540404220727,0.2074060557186672,0.4392828477295579,0.3253089056878753,30,46,-16,Established High-Value,Tier 1,1506337.0,509947.0808650113,165450.90589311568,0.2757566515115078
Odisha,Cuttack,0.2137218796412001,0.4293822047565129,0.4217184450607374,278,189,89,0.1356446818202997,0.0810876871485078,0.1048766586176512,0.4038502689616576,0.20926869192832626,278,308,-30,Mainstream Mid-Tier,Tier 2,2624470.0,951322.0419921476,203318.33495866647,0.2205772636635612
Odisha,Debagarh,0.2954245408838893,0.460048955781887,0.4138925444933645,98,94,4,0.1650600075229427,0.2833863878931912,0.2162770429739358,0.4308445764638788,0.29502049929634866,98,100,-2,Established High-Value,Tier 1,312520.0,102661.51628267232,30328.731314252396,0.0565663835391528
Odisha,Dhenkanal,0.19124342886285,0.3936742480490893,0.3910929694987336,355,346,9,0.1287530516012278,0.0737506063612773,0.0974454494907554,0.354709181174236,0.1794190779818629,355,428,-73,Mainstream Mid-Tier,Tier 3,1192811.0,414180.6108492736,79209.32018732482,0.0898755845695825
Odisha,Gajapati,0.1420566887502802,0.2945970427978553,0.30138345443468,639,687,48,0.1030909076662344,0.0291538134308835,0.0548223776255814,0.3712898304303799,0.1327194352577147,639,632,7,Mainstream Mid-Tier,Tier 4,577817.0,140485.1898319577,19956.860885982445,0.0184519332269258
Odisha,Ganjam,0.3223315118247996,0.4983428550866265,0.4694986553657169,34,24,10,0.1494083378819302,0.2495632457848319,0.1930979796609259,0.4668024257875617,0.3273211476358113,34,41,-7,Established High-Value,Tier 1,3529031.0,1173002.839553606,378095.77864809666,0.5750369711481733
Odisha,Jagatsinghapur,0.1957431582544369,0.4323095087728971,0.426980644119142,339,172,167,0.1379379506923811,0.0774185967434492,0.1033390660896025,0.4131232059706525,0.19268091109291227,339,367,-28,Mainstream Mid-Tier,Tier 2,1136971.0,432947.6255529525,84746.53558449427,0.0999660385561344
Odisha,Jajapur,0.3163388239060492,0.4921861498200532,0.4594379682349742,46,28,18,0.1837936913877801,0.2453064827731932,0.2123341328902117,0.4125627396985604,0.3131925068037108,46,65,-19,Established High-Value,Tier 1,1827192.0,694471.1952795091,219688.20115134816,0.354210605359638
Odisha,Jharsuguda,0.1476508858453302,0.3320440093305702,0.3411641588156211,616,597,19,0.1120753448960848,0.0331679776590156,0.0609697673904027,0.325842818646032,0.13149658058511252,616,637,-21,Mainstream Mid-Tier,Tier 4,579505.0,174177.50343938926,25717.46267715387,0.0253091648330337
Odisha,Kalahandi,0.1675466077426847,0.360058987568508,0.3696213667024273,510,493,17,0.1053984921801501,0.0349300156464336,0.0606759505979359,0.3961395340848898,0.1619368097982957,510,518,-8,Mainstream Mid-Tier,Tier 3,1576869.0,484927.04533753113,81247.88144898642,0.0690437131996926
Odisha,Kandhamal,0.1512479144928651,0.3189150656341409,0.3306812163313294,600,644,44,0.1088203112042126,0.0328858473892055,0.0598218032752908,0.3120482324183707,0.1330244212984982,600,631,-31,Mainstream Mid-Tier,Tier 4,733110.0,208083.85072735697,31472.24846215739,0.0295278478875089
Odisha,Kendrapara,0.3093899424713319,0.4994937386886938,0.4574546746912858,63,23,40,0.1577487977426706,0.2547934971544142,0.2004828367934756,0.4125266219840453,0.3062382077118162,63,77,-14,Established High-Value,Tier 1,1440361.0,495363.6302149228,153260.5250545851,0.2502254930796033
Odisha,Kendujhar,0.2923043463037666,0.4490622342648069,0.4303806250303855,112,126,14,0.1771061216578403,0.2077884050667844,0.1918348209967275,0.4019267700898574,0.28756263376012275,112,125,-13,Established High-Value,Tier 1,1801733.0,616178.8387908401,180111.75267897052,0.2773643788304308
Odisha,Khordha,0.1985444534819407,0.4219523702607001,0.4184100534620072,329,213,116,0.1217844475886814,0.0665022445257871,0.089994105990228,0.3671304577300781,0.18858329408432992,329,388,-59,Mainstream Mid-Tier,Tier 2,2251673.0,759710.694530404,150836.34464992466,0.1532299788913425
Odisha,Koraput,0.3061151011202188,0.4125196316655686,0.3924042988711646,68,261,193,0.1669897402593567,0.2480034586238904,0.2035043811298066,0.4506073315246124,0.30867547279178814,68,70,-2,Established High-Value,Tier 1,1379647.0,397055.7422141725,121544.75867825493,0.1981930426363617
Odisha,Malkangiri,0.1815238642661418,0.3353641697075514,0.3415397389793528,416,587,171,0.1638958238021731,0.0634730890996233,0.101994971578267,0.3380472778489292,0.1672002278863587,416,489,-73,Mainstream Mid-Tier,Tier 3,613192.0,176246.9193845273,31993.021871682573,0.0401468804799011
Odisha,Mayurbhanj,0.3207271721444881,0.4558105499909014,0.4346454404949268,37,104,67,0.1932289692186737,0.237316708718357,0.2141412221035837,0.4008735003604771,0.31582746914143717,37,64,-27,Established High-Value,Tier 1,2519738.0,887386.0804165328,284608.82817237586,0.4472949637699123
Odisha,Nabarangapur,0.1616187126452405,0.3178630037295022,0.3262016546760508,549,646,97,0.1132909836804946,0.0308003069278381,0.059071118742715,0.3373084786443689,0.14718425638477334,549,587,-38,Mainstream Mid-Tier,Tier 4,1220946.0,306741.333019172,49575.13935764358,0.0432502565624332
Odisha,Nayagarh,0.2683534513316069,0.4536685701628649,0.4277814639227122,192,108,84,0.1414599067331984,0.2073311190055546,0.1712572356352146,0.3889100930481718,0.26165923723171014,192,189,3,Established High-Value,Tier 2,962789.0,320862.47132676694,86104.55158332665,0.1357116616144631
Odisha,Nuapada,0.1447672172420049,0.3197891717801543,0.3262332071985949,631,642,11,0.1041139688631999,0.0306996479849913,0.0565354949958041,0.3775251469132445,0.1363652612218691,631,621,10,Mainstream Mid-Tier,Tier 4,610382.0,163608.15681205894,23685.097579775338,0.0221319610465704
Odisha,Puri,0.1909958164756874,0.4100426673871839,0.4109613147097294,356,272,84,0.1315407021748955,0.0585999204054313,0.0877967805646849,0.3932482042719613,0.1849523190593591,356,401,-45,Mainstream Mid-Tier,Tier 3,1698730.0,567189.4359805884,108330.8094214971,0.1120786581828188
Odisha,Rayagada,0.1753003513136887,0.3513497182194042,0.3552838844995881,453,529,76,0.125006613718606,0.056715035382265,0.0842006800451628,0.3406133304276515,0.16136162282071395,453,522,-69,Mainstream Mid-Tier,Tier 3,967911.0,281623.8208432326,49368.754732122004,0.0529038753946086
Odisha,Sambalpur,0.1704436665674534,0.3591680861794886,0.3675326371697798,495,501,6,0.130079151311477,0.0409501537519915,0.072984664458594,0.3821113091710452,0.1627296348859877,495,515,-20,Mainstream Mid-Tier,Tier 3,1041099.0,316855.8449684081,54006.071989744065,0.0544129324394652
Odisha,Subarnapur,0.1406913088862001,0.3247047597048605,0.3238334176387356,643,622,21,0.0957281748982352,0.0275004047177374,0.0513085134513934,0.3120230841235424,0.12246404344760897,643,665,-22,Mainstream Mid-Tier,Tier 4,610183.0,152187.44325558178,21411.450587672105,0.0190243027753462
Odisha,Sundargarh,0.2040823045850031,0.3945274332460968,0.3887910124289336,315,339,24,0.1414001784640294,0.0687276022876287,0.0985803998210371,0.3426000530191135,0.19044158448074763,315,378,-63,Mainstream Mid-Tier,Tier 2,2093437.0,647123.207482315,132066.39553342995,0.1420681536004482
Puducherry,Karaikal,0.1440822382926647,0.3763228715457019,0.3616068509322817,633,425,208,0.1437979533226512,0.0456070269506188,0.0809826965013513,0.604269014093141,0.16969186234951336,633,477,156,"Small Underserved, Chronic-Leaning",Tier 4,200222.0,65283.648044242895,9406.214134125059,0.0125809702254985
Puducherry,Mahe,0.1292011757325449,0.3850119017351938,0.4056905071835299,674,391,283,0.1831524096260554,0.0550748122221249,0.1004344789809989,0.5930543859717499,0.15312860557118488,674,557,117,"Small Underserved, Chronic-Leaning",Tier 4,41816.0,18443.671009042293,2382.943979192517,0.0043949556129144
Puducherry,Puducherry,0.2411437856732747,0.4562976812585362,0.4277215713188259,244,103,141,0.219821390131233,0.1225546367398472,0.1641344894139605,0.568981642992683,0.26146030406505466,244,190,54,Mainstream Mid-Tier,Tier 2,950289.0,326938.3189187536,78839.14390572465,0.1160590591618148
Puducherry,Yanam,0.1140086283222229,0.3525600319810198,0.3548444494518523,696,526,170,0.1378352118977443,0.0443057431225848,0.0781466025594748,0.6257897047104353,0.1428463559716657,696,599,97,"Small Underserved, Chronic-Leaning",Tier 4,55626.0,19727.649258823418,2249.122232020375,0.0036457500740359
Punjab,Amritsar,0.2168966919574416,0.3936365333589346,0.4187599552696315,272,347,75,0.151345657411591,0.085602585664912,0.1138225794980423,0.3086394369537758,0.19816187944338548,272,352,-80,Mainstream Mid-Tier,Tier 2,2490656.0,887865.5920199845,192575.1098119701,0.215443782695542
Punjab,Barnala,0.1653777507323301,0.3884463389022574,0.3886610777360041,521,373,148,0.1070771901449346,0.0655379725674784,0.0837712477543542,0.3126153220287244,0.14723932097951628,521,586,-65,Mainstream Mid-Tier,Tier 3,595527.0,216074.6685331071,35733.942672239034,0.0407503351118397
Punjab,Bathinda,0.3041746846528349,0.4885352152185772,0.458834536170687,75,32,43,0.1453209599460355,0.2550469250137227,0.1925192561129372,0.3851988511502972,0.296923784268257,75,96,-21,Established High-Value,Tier 1,1388525.0,543040.6002191904,165179.20332535842,0.2682183417885008
Punjab,Faridkot,0.2307928658435469,0.412418550808078,0.3951390132789314,256,262,6,0.1177166695545154,0.1713443247113178,0.1420214182864112,0.3797208840942786,0.22272027040056622,256,287,-31,Established High-Value,Tier 2,617508.0,199601.8551619892,46066.684180524055,0.0702096113278517
Punjab,Fatehgarh Sahib,0.1548552621848505,0.3496597914577057,0.3684639774705601,584,535,49,0.118140483133826,0.0416646050770078,0.0701589379436274,0.3142268487410615,0.13695856143888724,584,619,-35,Mainstream Mid-Tier,Tier 4,600163.0,197674.5183601393,30610.939367923413,0.0319497564500869
Punjab,Fazilka,0.1706120211259184,0.3633327153098098,0.3681331093000293,494,481,13,0.1110105190937105,0.0598842221580666,0.0815339106586336,0.479319076369077,0.17747915452415744,494,440,54,Mainstream Mid-Tier,Tier 3,860150.9347826086,261081.9449059098,44543.718299882945,0.0475918402742181
Punjab,Firozpur,0.1883051615066703,0.3865637414427543,0.3875398152192707,369,380,11,0.1287317134247272,0.0688509400014916,0.0941450979992856,0.4870843277606442,0.19633708261364444,369,356,13,Mainstream Mid-Tier,Tier 3,1168923.0652173914,375241.68442322855,70659.94598935105,0.0790465605526956
Punjab,Gurudaspur,0.1657637027963986,0.3617216150433407,0.3836517856499828,518,489,29,0.0983686366717471,0.0371168398963779,0.0604246054035126,0.4538273467656329,0.16880707675412104,518,480,38,Mainstream Mid-Tier,Tier 3,1551368.025,518887.6029221837,86012.73039552855,0.0719934597805247
Punjab,Hoshiarpur,0.1719622953589481,0.3816118800869634,0.405281904310089,485,407,78,0.1134423268368229,0.0363002839233333,0.0641715565737675,0.3381921514896068,0.15766039002526663,485,535,-50,Mainstream Mid-Tier,Tier 3,1586625.0,551969.0028996344,94917.85670561102,0.0845591178647143
Punjab,Jalandhar,0.1836984880438557,0.3841648777880715,0.4060721097288973,396,394,2,0.1204652505341968,0.0423859507474227,0.0714565194780603,0.3063572786625837,0.16462135178612075,396,499,-103,Mainstream Mid-Tier,Tier 3,2193590.0,746124.7679701749,137061.99176819378,0.1235715568070203
Punjab,Kapurthala,0.1649992955135796,0.3835657804621715,0.3903552691816681,526,398,128,0.1021908522395646,0.0546641766371228,0.0747407438919474,0.239885872590263,0.13595144834499656,526,624,-98,Mainstream Mid-Tier,Tier 3,815168.0,267608.9724599441,44155.2919290037,0.0457542140341572
Punjab,Ludhiana,0.2150020766806577,0.3788722754610768,0.388416566456404,275,415,140,0.1203932584738692,0.0894924151483019,0.1037992459914826,0.3281784785187582,0.19919812040134896,275,340,-65,Mainstream Mid-Tier,Tier 2,3498739.0,984654.1777034292,211702.69301852267,0.2164590672504106
Punjab,Mansa,0.1656906452320248,0.3713043987067376,0.3756928589582802,519,452,67,0.1047467514936145,0.0578458051201466,0.0778406074865044,0.3165961034298617,0.14814933268938157,519,580,-61,Mainstream Mid-Tier,Tier 3,769751.0,257287.25890741305,42630.09193834829,0.0452212630822532
Punjab,Moga,0.174462279955032,0.4016605506998696,0.3978602613257778,464,306,158,0.0970796055057577,0.0669383221062872,0.0806123185579952,0.3262991786471568,0.15837642869498303,464,528,-64,Mainstream Mid-Tier,Tier 3,995746.0,337457.3480562834,58873.57832947798,0.0621708195733992
Punjab,Muktsar,0.1639987336856627,0.3726877080536983,0.3652294572535685,530,445,85,0.0881339498851433,0.0580252517363726,0.0715121991593483,0.321883407137489,0.14725051669916356,530,585,-55,Mainstream Mid-Tier,Tier 4,901896.0,263859.47029488184,43272.618999330356,0.0430308460387736
Punjab,Pathankot,0.1491173159570545,0.3370520616628295,0.3518028962935219,608,577,31,0.0985006634409838,0.0345447909369909,0.058332536596,0.4518604868226796,0.15186566092333395,608,562,46,Mainstream Mid-Tier,Tier 4,746954.975,222301.33024874865,33148.97770037617,0.0301293505352053
Punjab,Patiala,0.1730050293612262,0.3662836380553811,0.3811619471817324,477,470,7,0.1050596139248834,0.0379215870289109,0.0631191515522527,0.290170491125691,0.15149987497295736,477,566,-89,Mainstream Mid-Tier,Tier 3,1895686.0,584140.4923724202,101059.24303397167,0.0855064411584654
Punjab,Rupnagar,0.1506952460979432,0.3538157988413048,0.3699518860742222,603,521,82,0.101976989039526,0.0372495761940793,0.0616327804278747,0.2990282214719175,0.13051875126160833,603,640,-37,Mainstream Mid-Tier,Tier 4,684627.0,213698.6994688765,32203.378107272743,0.0308026982347641
Punjab,Sahibzada Ajit Singh Nagar,0.1550922043596778,0.355248804004205,0.3656122945605261,582,517,65,0.0965608712859621,0.0340791672692656,0.0573647460050189,0.2357264773689431,0.12542044790789678,582,659,-77,Mainstream Mid-Tier,Tier 4,994628.0,309552.9520366597,48009.249697411164,0.0419169843897382
Punjab,Sangrur,0.1868800114175436,0.4034478521265485,0.4024975497219647,377,297,80,0.10953082612379,0.0637995341032182,0.083594351942212,0.2624121450708488,0.16121110512104841,377,523,-146,Mainstream Mid-Tier,Tier 3,1655169.0,568794.9460746952,106296.40601668014,0.107272477237926
Punjab,Shahid Bhagat Singh Nagar,0.1480333728173854,0.3522152892295929,0.3799753209963063,614,527,87,0.1115568445592961,0.0309359683196575,0.0587462254883439,0.2852562600669672,0.125791083770308,614,656,-42,Mainstream Mid-Tier,Tier 4,612310.0,213597.7099767651,31619.58943393023,0.030619040363882
Punjab,Tarn Taran,0.1475002267801027,0.3286825825469656,0.3445636108400445,618,605,13,0.084887439345638,0.0232140146934414,0.0443911957966696,0.2918439844622857,0.12624609639232307,618,655,-37,Mainstream Mid-Tier,Tier 4,1119627.0,310933.6791782463,45862.78819236302,0.0341930001485639
Rajasthan,Ajmer,0.1872841775656434,0.3808494180281949,0.3278447544586753,375,411,36,0.0807037639482418,0.0674100430770885,0.0737580111190246,0.4060655105601334,0.1831632760925409,375,409,-34,Mainstream Mid-Tier,Tier 3,2583052.0,341532.20827369066,63963.57873871618,0.0566914026794046
Rajasthan,Alwar,0.293286523215516,0.4691988620190912,0.4077955422377245,109,65,44,0.1194130020815936,0.2152396963736086,0.1603197377464899,0.4741325667898152,0.2993756801768658,109,91,18,Established High-Value,Tier 1,3674179.0,768476.8714446997,225383.90979755303,0.3187568068580537
Rajasthan,Banswara,0.152847173505716,0.321339958907287,0.3074020704188979,593,631,38,0.0763416903541519,0.0215689923383299,0.040578483637808,0.4618540106098321,0.15709454704006834,593,538,55,Mainstream Mid-Tier,Tier 4,1797485.0,339163.2384685667,51840.142356965545,0.0333512830562579
Rajasthan,Baran,0.1729289417090976,0.3839670422267141,0.3339813902966235,479,396,83,0.084874304639935,0.0637911143407702,0.0735814274928086,0.5181550378770414,0.18562146933353132,479,398,81,Mainstream Mid-Tier,Tier 3,1222755.0,229899.54286129173,39756.2846464085,0.0389593466081836
Rajasthan,Barmer,0.3129986809042706,0.4791405551003129,0.385544238610165,53,46,7,0.1017729541701947,0.2693289918350668,0.1655608865122889,0.5198533279026619,0.3259459520325474,53,45,8,Established High-Value,Tier 1,2603751.0,350617.15195782244,109742.70606521062,0.1692831578716569
Rajasthan,Bharatpur,0.2908542717824062,0.4637649608772016,0.3937280521875186,119,87,32,0.1182441511774698,0.2259407049043635,0.1634508087097022,0.4764196281274733,0.2972864879444047,119,95,24,Established High-Value,Tier 1,2548462.0,538888.6476505516,156738.06518420688,0.230682886718244
Rajasthan,Bhilwara,0.162262833814017,0.3433093116155503,0.3144041864788748,546,551,5,0.0716836813183772,0.0298952055995613,0.0462925306193809,0.461659500295178,0.1664810308011712,546,490,56,Mainstream Mid-Tier,Tier 4,2408523.0,390024.5742494336,63286.49267481857,0.041561853233531
Rajasthan,Bikaner,0.1737417356169696,0.3714223272362196,0.3151218935540424,470,449,21,0.0664795592066697,0.0511530380807103,0.0583149331105473,0.414409133179083,0.17087237753670956,470,472,-2,Mainstream Mid-Tier,Tier 3,2363937.0,273410.04213288275,47502.73525527583,0.0373263696372199
Rajasthan,Bundi,0.2918262890511295,0.4571612046546375,0.3759903035966418,116,100,16,0.1105812031944952,0.2606954115505411,0.1697881393871284,0.5634649356568664,0.311315301342537,116,67,49,Established High-Value,Tier 1,1110906.0,232592.40755863575,67876.57915930456,0.1103879397727427
Rajasthan,Chittaurgarh,0.1608018843538823,0.348819610707898,0.3301155444111996,554,536,18,0.0876680330663867,0.0352417579698495,0.0555839509482581,0.4463899729381443,0.16272965223748145,554,514,40,Mainstream Mid-Tier,Tier 4,1544338.0,319328.6376696058,51348.64666543073,0.0403840380556101
Rajasthan,Churu,0.2831374595739419,0.4709151243356252,0.4005278221388642,142,59,83,0.1067058411325076,0.2237556615351631,0.1545187240183864,0.4839189514255563,0.2906945742306528,142,112,30,Established High-Value,Tier 1,2039547.0,427833.4068429296,121135.66393437181,0.1798706429316066
Rajasthan,Dausa,0.2829452593620208,0.4458039482361567,0.3689045446098596,143,137,6,0.1123020959274875,0.2316144651783949,0.1612786095136544,0.4641443488122422,0.28753618362673466,143,126,17,Established High-Value,Tier 1,1634409.0,277977.43546961964,78652.39757574094,0.1200005474480482
Rajasthan,Dhaulpur,0.2577152020439076,0.430115134487894,0.3524753736961219,210,184,26,0.0986872641642795,0.2043970151516314,0.1420259913841804,0.4778359785406335,0.2643598707678801,210,184,26,Established High-Value,Tier 2,1206516.0,203697.5863218752,52495.964614798366,0.0782473111199539
Rajasthan,Dungarpur,0.1518473522790306,0.338179907911384,0.3143978184733758,597,570,27,0.0803328879637919,0.0265335522008893,0.0461683536227519,0.3958791372133849,0.14619849480391583,597,592,5,Mainstream Mid-Tier,Tier 4,1388552.0,245427.64029433977,37267.53735478582,0.0268773950596136
Rajasthan,Ganganagar,0.1751834828459523,0.3815886695508623,0.3341755714568543,454,408,46,0.0759899588391392,0.0558010987942485,0.0651177640936303,0.4572694471514647,0.17874317186154953,454,431,23,Mainstream Mid-Tier,Tier 3,1969168.0,323417.51653223525,56657.40695950533,0.0484669234540552
Rajasthan,Hanumangarh,0.1756090325814809,0.3941644522316565,0.3538803680134318,449,340,109,0.0864853039017763,0.0525640382120169,0.0674241560501195,0.4780751869849832,0.18228958257210587,449,412,37,Mainstream Mid-Tier,Tier 3,1774692.0,317024.52614049416,55672.37034013458,0.0495991681848766
Rajasthan,Jaipur,0.2466885421359105,0.4211454309467079,0.3702840076378553,233,216,17,0.1142488900398586,0.1272581248345433,0.1205781883712819,0.3986296010646068,0.24145225423847902,233,239,-6,Mainstream Mid-Tier,Tier 2,6626178.0,941085.5441523356,232155.02091211968,0.2502311211275191
Rajasthan,Jaisalmer,0.2518293917718073,0.4189007283515146,0.3332246760786556,223,223,0,0.0879397905946888,0.2209901141686566,0.1394052522808522,0.4777500927201078,0.258461177622701,223,195,28,Established High-Value,Tier 2,669919.0,87466.50181946064,22026.63595360245,0.0350312828231058
Rajasthan,Jalor,0.1540506440863082,0.3405484581590436,0.3033907417626941,588,559,29,0.0719208116727004,0.0240550148219295,0.0415939441600819,0.4492322665620646,0.1564047560134954,588,545,43,Mainstream Mid-Tier,Tier 4,1828730.0,262360.0992696177,40416.74227503236,0.0263557195952196
Rajasthan,Jhalawar,0.1712586603939165,0.3702350931622445,0.3300217307560837,490,455,35,0.0847053662435755,0.0575678102218776,0.0698305266247133,0.4985506158149995,0.1810105247090439,490,418,72,Mainstream Mid-Tier,Tier 3,1411129.0,268113.4841426044,45916.756127808,0.0422659004873504
Rajasthan,Jhunjhunu,0.1685032614407473,0.3745005907350413,0.3467123587488999,506,439,67,0.0855163498164993,0.0353585801046878,0.0549885143029633,0.3902196611431678,0.16200548255509997,506,517,-11,Mainstream Mid-Tier,Tier 3,2137045.0,423093.1283151914,71292.57201427834,0.0544343584838333
Rajasthan,Jodhpur,0.3133940231429217,0.4683293166154598,0.3850194702361738,51,68,17,0.1040792352192257,0.258547922703634,0.1640410621232187,0.4842844156804805,0.3210059574378713,51,56,-5,Established High-Value,Tier 1,3687165.0,513929.55485361087,161062.45080762397,0.2391547634954991
Rajasthan,Karauli,0.2735196288883843,0.4205789714071516,0.3434066251350657,179,218,39,0.100729944575271,0.2244832695527831,0.1503734926778236,0.4639870317753119,0.27808695559755864,179,144,35,Established High-Value,Tier 2,1458248.0,201751.7114551348,55183.05324480486,0.0835169860755336
Rajasthan,Kota,0.1856261540938488,0.4040451786798062,0.3490463308114642,382,295,87,0.085644865065501,0.0693248683762631,0.0770540005305933,0.4227339507057754,0.18400551864259262,382,404,-22,Mainstream Mid-Tier,Tier 3,1951014.0,359195.609729988,66676.09960157273,0.0634709194358459
Rajasthan,Nagaur,0.1823700874321444,0.3881663006430615,0.3423427073947842,406,376,30,0.0748257739447884,0.0500401087855834,0.0611906027765921,0.4666050525144995,0.18733011725219684,406,392,14,Mainstream Mid-Tier,Tier 3,3307743.0,498807.92114127846,90967.64419038114,0.0700644690830315
Rajasthan,Pali,0.1806739243172354,0.4067600365676992,0.3595265101661611,420,288,132,0.0815748369246398,0.0598988259195386,0.0699016234172265,0.4808536450726758,0.18777124302101428,420,391,29,Mainstream Mid-Tier,Tier 3,2037573.0,349869.6917921944,63212.3302157574,0.0566444213587764
Rajasthan,Pratapgarh,0.1356893038583425,0.3054955781072016,0.2836884682240937,658,667,9,0.0696644678920982,0.0214501475903583,0.0386563464141308,0.3908792732294728,0.12929046678564093,658,643,15,Mainstream Mid-Tier,Tier 4,867848.0,142262.10334828432,19303.445768752274,0.013327797412635
Rajasthan,Rajsamand,0.3255073216694246,0.4767441466556554,0.3789928723734861,29,53,24,0.1052846661941384,0.3191328756610407,0.1833024775761314,0.5050012205281661,0.336226776691527,29,35,-6,Established High-Value,Tier 1,1156597.0,170947.80524861455,55644.76223174293,0.0952956345960806
Rajasthan,Sawai Madhopur,0.2777927855010207,0.4463313241607179,0.3677877937066552,163,134,29,0.1051429788488401,0.232885000227155,0.1564807421157501,0.4809514902887014,0.28490478098720345,163,130,33,Established High-Value,Tier 1,1335551.0,251114.50118331844,69757.7967634134,0.1078306118479577
Rajasthan,Sikar,0.1844163376213074,0.3996283036706914,0.3539482135901783,389,317,72,0.0805084023629261,0.0583629831580973,0.0685471409410544,0.405015114398658,0.18013787672398363,389,423,-34,Mainstream Mid-Tier,Tier 3,2677333.0,485237.1961569255,89485.66659289214,0.0761100926398637
Rajasthan,Sirohi,0.2838009817069114,0.4442301190459352,0.3643379932363993,139,142,3,0.1032160382274732,0.2520301428800576,0.1612871751317617,0.481623259282619,0.29101374254218176,139,111,28,Established High-Value,Tier 1,1036346.0,164636.3173967831,46723.9485018177,0.0754089824757273
Rajasthan,Tonk,0.2826474861653703,0.4502704573313698,0.3728300374954681,144,118,26,0.1037925002648956,0.2394163772666937,0.157637636371755,0.528666890033477,0.29691679161326934,144,97,47,Established High-Value,Tier 1,1421326.0,262447.1834181465,74180.03664432096,0.1150450746707841
Rajasthan,Udaipur,0.333426529505714,0.4819154896399714,0.399911336957045,17,44,27,0.1124244533059625,0.2956697042779773,0.18231978735888,0.4945795700478704,0.34258273695577207,17,31,-14,Established High-Value,Tier 1,3068420.0,530417.848645656,176855.38246180816,0.2788137067572847
Sikkim,East District,0.1737372350706235,0.382647830436409,0.3917463981961276,471,401,70,0.1661795040875075,0.0748719517217029,0.1115445373255741,0.4092959298846867,0.17010089649620402,471,475,-4,"Small Underserved, Chronic-Leaning",Tier 3,283583.0,102394.88258480096,17789.803785664455,0.0255037143467784
Sikkim,North District,0.1359084891103684,0.324614466147231,0.3630004721422026,656,624,32,0.1983961366568688,0.062078372371485,0.1109779674009627,0.3883976783861086,0.1291374128111622,656,644,12,"Small Underserved, Chronic-Leaning",Tier 4,43709.0,19318.96671089948,2625.6115768518516,0.0048851267358429
Sikkim,South District,0.15451848472005,0.3700327946569542,0.4123377320534855,585,456,129,0.1797475007110745,0.056632071030112,0.1008933755395005,0.4069606732370144,0.15053185764847968,585,569,16,"Small Underserved, Chronic-Leaning",Tier 4,146850.0,65160.71676649929,10068.535218031826,0.0153456487454474
Sikkim,West District,0.1536062690421284,0.3351775536660438,0.3617325396913454,589,589,0,0.1817763287323808,0.0599595514863824,0.1043993637032083,0.3875239054529463,0.14670412680294787,589,588,1,"Small Underserved, Chronic-Leaning",Tier 4,136435.0,53802.02112289825,8264.327731614185,0.0127568549700243
Tamil Nadu,Ariyalur,0.18162309572996,0.3613418599949026,0.3821337263771399,414,491,77,0.1793907495550101,0.0463881613613884,0.0912228427374318,0.407631749380241,0.17773713007987366,414,439,-25,Mainstream Mid-Tier,Tier 3,754894.0,262807.3998678603,47731.89354474227,0.0570299065379494
Tamil Nadu,Chennai,0.3709285730395543,0.476104078332688,0.4945230704767474,6,55,49,0.3144786797380844,0.2701239027262486,0.2914587591667977,0.3961964192231425,0.3653273078659032,6,21,-15,Elite Metro Powerhouses,Tier 1,4646732.0,1846434.775211894,684895.416379958,1.10464608318867
Tamil Nadu,Coimbatore,0.2574786674255959,0.4312086849628059,0.454144784896822,211,179,32,0.2584235780787676,0.0804626266578389,0.1441993061097548,0.3837273897589788,0.2500070478323202,211,213,-2,Mainstream Mid-Tier,Tier 2,3458045.0,1342859.4491120414,345757.6614972382,0.4399818213563448
Tamil Nadu,Cuddalore,0.2307000208781443,0.4271097721606139,0.4272485666014846,257,195,62,0.1909038280892531,0.0799630817419639,0.1235526544043258,0.4106098165621243,0.22726076530534048,257,274,-17,Mainstream Mid-Tier,Tier 2,2605914.0,887552.9702145917,204758.4887589653,0.2441532058620047
Tamil Nadu,Dharmapuri,0.1768025402522971,0.3886126740671813,0.3987426961410715,447,369,78,0.1318259529148898,0.0364236843082037,0.0692934837672351,0.4240346496017583,0.17537700963543837,447,450,-3,Mainstream Mid-Tier,Tier 3,1506843.0,466179.2199274573,82421.67029600873,0.078387376614439
Tamil Nadu,Dindigul,0.2006345484218766,0.3995869721718415,0.4273519486900549,325,318,7,0.1698499762292473,0.0462475340607142,0.0886292421318925,0.3758240784408342,0.19197743213087926,325,370,-45,Mainstream Mid-Tier,Tier 2,2159775.0,832411.6689902719,167010.53930896384,0.174125107603346
Tamil Nadu,Erode,0.2436664613855481,0.4067663931182912,0.4319709929559041,239,287,48,0.2617248718648604,0.0701998537415237,0.1355472158527509,0.3792029289177007,0.23551617266608071,239,260,-21,Mainstream Mid-Tier,Tier 2,2251744.0,847367.1433554746,206474.95331580893,0.2673962243232919
Tamil Nadu,Kancheepuram,0.2430953387376388,0.4235994886270517,0.443206066374562,241,208,33,0.223259911288635,0.0688423131946943,0.1239747100692391,0.4112093936816732,0.2397460197327673,241,245,-4,Mainstream Mid-Tier,Tier 2,3998252.0,1521513.165871695,369872.7584513569,0.4315673315674482
Tamil Nadu,Kanniyakumari,0.2353789831046932,0.4273213617353926,0.4511750979980611,249,194,55,0.2292140629961987,0.0814939070033003,0.1366731485466726,0.3780608460761928,0.22705738195899963,249,276,-27,Mainstream Mid-Tier,Tier 2,1870374.0,726354.7164575466,170968.6345330751,0.2211731085753526
Tamil Nadu,Karur,0.2145192035596118,0.4002269459831162,0.4310644939428653,277,315,38,0.2323115477292986,0.0620234630315307,0.1200365223271061,0.336214717075326,0.1999206830637882,277,339,-62,Mainstream Mid-Tier,Tier 2,1064493.0,439025.66251601017,94179.43546516541,0.1237064955473289
Tamil Nadu,Krishnagiri,0.1688772545960573,0.3697329457337788,0.3669908936098081,504,458,46,0.1056983026647769,0.0296742389749877,0.0560046131361085,0.3302297893602795,0.15338099494297674,504,554,-50,Mainstream Mid-Tier,Tier 3,1879809.0,483221.502254155,81605.1206624642,0.0659161055813417
Tamil Nadu,Madurai,0.2207630356574171,0.4152463330575172,0.4334744835959531,265,241,24,0.1897212187425183,0.058171431507073,0.1050540569493574,0.3928541786868958,0.21466043440332896,265,298,-33,Mainstream Mid-Tier,Tier 2,3038252.0,1106343.8740161525,244239.83210879282,0.2675819215200362
Tamil Nadu,Nagapattinam,0.2741395853161911,0.4532180749824411,0.4638512842075354,175,110,65,0.3061569014182819,0.1101007854776988,0.1835976996739645,0.4304080365865888,0.2736700627470569,175,161,14,Mainstream Mid-Tier,Tier 1,1616450.0,668607.7165564619,183291.8421559939,0.2741670008928732
Tamil Nadu,Namakkal,0.1805065634105963,0.4048895315788465,0.4209054314281768,421,292,129,0.1316186315327459,0.0373603822652045,0.0701236221774552,0.4281197402864292,0.17969379639643818,421,425,-4,Mainstream Mid-Tier,Tier 3,1726601.0,590659.1301286404,106617.84972661309,0.1005712741426556
Tamil Nadu,Perambalur,0.2302411941700232,0.3759660529253555,0.4006017805209409,258,427,169,0.3002241453859714,0.0755863790569862,0.1506414818541153,0.3163787701032806,0.2126672816283928,258,301,-43,Mainstream Mid-Tier,Tier 2,565223.0,209989.1257144437,48348.147067212645,0.0745571139217673
Tamil Nadu,Pudukkottai,0.2508220157438581,0.4252547686788759,0.432743444650545,225,203,22,0.2608623756514849,0.0948585129705775,0.1573054895554254,0.4113989503141936,0.24750113023386464,225,221,4,Mainstream Mid-Tier,Tier 2,1618345.0,616142.9673076932,154542.22104651766,0.2163594020819703
Tamil Nadu,Ramanathapuram,0.2085842119895588,0.3866286440044753,0.4023533248372777,296,379,83,0.2098029532049137,0.0545426787212291,0.1069729642078814,0.3904887304716501,0.20212679350318383,296,330,-34,Mainstream Mid-Tier,Tier 2,1353445.0,459098.970727772,95760.79703446984,0.1166342010923899
Tamil Nadu,Salem,0.2870239394895471,0.4259788957064038,0.4593811847162377,132,200,68,0.3298530778755757,0.0936168696028852,0.1757265278197578,0.3802824409618394,0.2790355775767005,132,141,-9,Mainstream Mid-Tier,Tier 1,3482056.0,1462850.8691813117,419873.21935812815,0.5878279192289811
Tamil Nadu,Sivaganga,0.178604248391383,0.3925905225513089,0.4065424658912627,437,350,87,0.1408056746598163,0.0382146621524171,0.0733542179173634,0.3950333874949159,0.1728285284584979,437,463,-26,Mainstream Mid-Tier,Tier 3,1339101.0,432645.6525557464,77272.35159451852,0.0774261764539808
Tamil Nadu,Thanjavur,0.2481789136804632,0.4678178047908882,0.4861002402496819,229,72,157,0.2317596708732958,0.0899820316491876,0.144409854371252,0.416254569278584,0.2455863710151283,229,228,1,Mainstream Mid-Tier,Tier 2,2405890.0,1054968.489398799,261820.93366611315,0.3412125800396712
Tamil Nadu,The Nilgiris,0.251099319045603,0.4023334467159482,0.4340152819954106,224,303,79,0.3326534309267631,0.0832616375661864,0.1664249662790189,0.4122551776014805,0.2479068676287026,224,220,4,Mainstream Mid-Tier,Tier 2,735394.0,300864.95583537803,75546.98553494885,0.1184561627741544
Tamil Nadu,Theni,0.2081944536552403,0.4135826990492985,0.444794144482014,297,250,47,0.2098196773260611,0.0556303302866402,0.108038594725612,0.4215504639066629,0.20639629518411726,297,316,-19,Mainstream Mid-Tier,Tier 2,1245899.0,509378.0635559424,106049.6876459937,0.1311452544985691
Tamil Nadu,Thiruvallur,0.271297277683739,0.4587497193131385,0.4689118286489063,184,97,87,0.2624872098263637,0.098215585893685,0.1605625582216942,0.4046188962288128,0.26695938406093844,184,180,4,Mainstream Mid-Tier,Tier 2,3728104.0,1510281.9755789344,409735.3885093841,0.5414753125182715
Tamil Nadu,Thiruvarur,0.2530962426213681,0.4223534260752136,0.4596694830657748,220,212,8,0.30991124392356,0.0800039951022275,0.1574615433716618,0.3899774124091015,0.24656212642561082,220,226,-6,Mainstream Mid-Tier,Tier 2,1264277.0,565845.036994111,143213.25276915854,0.2093605520666597
Tamil Nadu,Thoothukkudi,0.1858109867711275,0.3952121400745683,0.4093186037599725,380,334,46,0.1442427011525772,0.0407996734144714,0.0767141127788515,0.3820029851237705,0.1780807064825706,380,436,-56,Mainstream Mid-Tier,Tier 3,1750176.0,607067.4078997894,112799.79409845044,0.1110542975352707
Tamil Nadu,Tiruchirappalli,0.2504497822804112,0.4447723642035786,0.4565999212788434,226,140,86,0.2344011391861375,0.0892166530193837,0.1446114971297853,0.4066327859054773,0.2464139721091103,226,227,-1,Mainstream Mid-Tier,Tier 2,2722290.0,1048905.0799257243,262698.04890021496,0.3383833230528435
Tamil Nadu,Tirunelveli,0.2391435954173768,0.4094876595706256,0.4267594752943267,247,276,29,0.2359570879206491,0.063304405520131,0.1222175240261313,0.382762470911712,0.2315272379970111,247,268,-21,Mainstream Mid-Tier,Tier 2,3077233.0,1060639.7511951476,253645.20354339958,0.3050071560384556
Tamil Nadu,Tiruppur,0.2044577072164186,0.4027880104215873,0.4168807182489242,313,300,13,0.1697245302776557,0.0456019989662611,0.0879760072648833,0.4159954418656927,0.20182629543915,313,333,-20,Mainstream Mid-Tier,Tier 2,2479052.0,823550.7797588579,168381.3042057898,0.1741900951941861
Tamil Nadu,Tiruvannamalai,0.210690511892483,0.3947317789199553,0.4000132802204627,287,338,51,0.1791127843506438,0.0532240943733016,0.0976376758108441,0.3342981460388303,0.19580450574118505,287,358,-71,Mainstream Mid-Tier,Tier 2,2464875.0,790019.948151976,166449.7072814127,0.1797645275754517
Tamil Nadu,Vellore,0.1920834615186084,0.3986009206082741,0.4073889010475242,351,321,30,0.1216801935870461,0.0350906378831949,0.0653439791466673,0.3732207401501987,0.1830358444840157,351,410,-59,Mainstream Mid-Tier,Tier 2,3936331.0,1232815.5776778865,236803.48357443127,0.1919997728032195
Tamil Nadu,Viluppuram,0.2739613678125046,0.4355943005621495,0.4415057701321657,177,166,11,0.2803813221617146,0.0965338756497632,0.1645183749253413,0.3494531743398778,0.26134861590636377,177,191,-14,Mainstream Mid-Tier,Tier 1,3458873.0,1230331.4012925765,337063.2735607897,0.4542724582156286
Tamil Nadu,Virudhunagar,0.1796871723890045,0.3674492006917602,0.3678502517124667,428,467,39,0.1248520107482914,0.0381544662494482,0.0690192859298865,0.4090425994848452,0.17601283425460879,428,448,-20,Mainstream Mid-Tier,Tier 3,1942288.0,539110.4261413213,96871.22807876529,0.0873108454933085
Telangana,Adilabad,0.3052586172802515,0.4918616308387681,0.4088820358510194,71,30,41,0.1632000970412662,0.2721601355802963,0.2107523678098742,0.9505219503524194,0.3828061817759919,71,15,56,Established High-Value,Tier 1,685309.75,182957.0780578832,55849.224669584466,0.0977240719615544
Telangana,Bhadradri Kothagudem,0.2075942623141864,0.4644479713411603,0.434120061654353,301,86,215,0.1659166171298308,0.0746241732217575,0.1112716962082654,0.9051703450361708,0.2783390860124895,301,143,158,Mainstream Mid-Tier,Tier 2,1398685.0,493705.49551194254,102490.42814126158,0.1233309822431431
Telangana,Hyderabad,0.3969832416396686,0.5043080314884446,0.4898481605565262,4,20,16,0.3085361407070821,0.3379452483132398,0.3229060586066226,0.8697821524433477,0.46241983644904827,4,2,2,Elite Metro Powerhouses,Tier 1,3943323.0,1464889.5785270247,581536.6135278261,0.9854633706128012
Telangana,Jagitial,0.2056682571779925,0.4451626480687722,0.4186486960189264,306,139,167,0.1892411552088677,0.0752646579339921,0.1193447561220389,0.9082563471118388,0.27687598118764584,306,148,158,Mainstream Mid-Tier,Tier 2,878202.0930232558,291445.3147481274,59941.049946938845,0.0785884611108903
Telangana,Jangoan,0.2008431730449837,0.466141805530431,0.4279239035752223,323,78,245,0.1746548379982874,0.0821997483295814,0.1198189623056511,0.9266991226164,0.2748173133803212,323,156,167,Mainstream Mid-Tier,Tier 2,702515.2000000001,242763.07194843373,48757.3056682711,0.0653815787277922
Telangana,Jayashankar Bhupalapally,0.2102154168782557,0.4436398931157057,0.4193077657953576,290,145,145,0.2071262038544725,0.0828774523871513,0.1310194340473215,0.9029739525311592,0.2806307817008071,290,137,153,Mainstream Mid-Tier,Tier 2,702515.2000000001,255585.9301076849,53728.1028458037,0.0748800153280099
Telangana,Jogulamba Gadwal,0.2006293242953384,0.4313323432518492,0.3837190149335355,326,178,148,0.1608905514056928,0.077690280596372,0.1118017534925696,0.9096708839275268,0.27204922882734495,326,166,160,Mainstream Mid-Tier,Tier 2,1013257.0,287879.50851613726,57757.07127206673,0.0717803555352357
Telangana,Kamareddy,0.2132165056399224,0.4459275926461338,0.4127959975117503,279,136,143,0.1885385049150553,0.0758276157829723,0.1195676599712265,0.904209882723828,0.2838172599913741,279,132,147,Mainstream Mid-Tier,Tier 2,1275667.5,412190.6413251121,87885.84820081899,0.1108304720548109
Telangana,Karimnagar,0.3223608237686325,0.5396745898932206,0.4721803887484327,33,3,30,0.1979024602162128,0.2691739227580269,0.2308033395336003,0.9685899324197966,0.4026185855744795,33,11,22,Established High-Value,Tier 1,966022.3023255814,338014.6801991462,108962.69075488765,0.1889743517379075
Telangana,Khammam,0.2077948261955098,0.4837756778580134,0.4353269683704528,300,37,263,0.1459811004528884,0.0850616819673401,0.1114333789309376,0.9283424990723388,0.2820154729992381,300,135,165,Mainstream Mid-Tier,Tier 2,1398685.0,492033.6109658467,102242.0386729972,0.1231623687911295
Telangana,Komaram Bheem Asifabad,0.1688315888709829,0.3947346723283891,0.3519601820089556,505,337,168,0.1240088064394464,0.0569163346527138,0.0840126581366829,0.8886020931551772,0.23709117478713698,505,255,250,Mainstream Mid-Tier,Tier 3,685309.75,178978.05772293385,30217.149858405413,0.0339800370913008
Telangana,Mahabubabad,0.2004768012740843,0.440208288470386,0.4030700982928303,327,152,175,0.1810597809829165,0.0799379261197811,0.1203060405610464,0.908761769880549,0.27176033869904415,327,167,160,Mainstream Mid-Tier,Tier 2,702515.2000000001,228823.2701021319,45873.75724715121,0.0614157147770643
Telangana,Mahabubnagar,0.1918598069668859,0.4319546776829467,0.3850759114091828,352,174,178,0.1481099087525879,0.0689438672383087,0.1010508282287505,0.9041096937261206,0.2624455329686815,352,185,167,Mainstream Mid-Tier,Tier 2,1013257.0,281251.1714967161,53960.79547257047,0.0639034525331663
Telangana,Mancherial,0.1796221404717852,0.4399617335266041,0.4020200091423568,429,153,276,0.1420366491409909,0.0641786455832583,0.0954762785463136,0.9069918927947166,0.2506401963338702,429,209,220,Mainstream Mid-Tier,Tier 3,685309.75,219738.1557963885,39469.83788746992,0.047702165633601
Telangana,Medak,0.331270803118579,0.5191556692491615,0.4638196848530744,20,11,9,0.2549375306182791,0.2530277748424414,0.2539808577357158,0.9536272046163043,0.40928415575390215,20,7,13,Established High-Value,Tier 1,1011096.0,366749.8515707789,121493.51787347156,0.2123978859993623
Telangana,MedchalMalkajgiri,0.197610998231377,0.4657781050770905,0.4224601220236472,333,81,252,0.1301379236799285,0.0674568627958432,0.0936946960196406,0.9053876139429808,0.26838841226570165,333,177,156,Mainstream Mid-Tier,Tier 2,1765580.3333333333,564981.1450425502,111646.48805376474,0.1199163929887603
Telangana,Nagarkurnool,0.2057376946480556,0.4425056545677174,0.4012755417029274,305,147,158,0.1758360845940808,0.0782776017493003,0.1173201900910996,0.9074179912446164,0.2768196652776256,305,149,156,Mainstream Mid-Tier,Tier 2,1013257.0,312489.71953767,64290.91449889769,0.0819450861282747
Telangana,Nalgonda,0.2050246693442076,0.4492144935270244,0.4000621814134382,310,124,186,0.1617934308310548,0.0790997649120593,0.1131274606055133,0.9126457889375292,0.2768908096277145,310,147,163,Mainstream Mid-Tier,Tier 2,1162936.3333333333,345715.30108223815,70880.16529161905,0.0875075152576863
Telangana,Nirmal,0.1853673390802689,0.417647454002293,0.3882235027690495,384,227,157,0.164405106738548,0.0618853344753508,0.1008675617826207,0.901512367380456,0.2555634661302148,384,202,182,Mainstream Mid-Tier,Tier 3,685309.75,205272.73649910284,38050.86095056389,0.0475380272111537
Telangana,Nizamabad,0.3197201682903242,0.525635928203465,0.4581775774486357,39,7,32,0.1995100233259094,0.2534801784163573,0.2248818274305488,0.9632785179715372,0.39918121792893224,39,13,26,Established High-Value,Tier 1,1275667.5,414376.4702107919,132484.5147913449,0.2227891480899702
Telangana,Peddapalli,0.20519361533122,0.4568061777830999,0.4198258389228502,309,101,208,0.1756948608218765,0.0783979948075267,0.1173632173486335,0.907679404030034,0.2763147978786026,309,151,158,Mainstream Mid-Tier,Tier 2,966022.3023255814,326649.66056407406,67026.4247978582,0.0860375194712217
Telangana,Rajanna Sircilla,0.2183841512596975,0.467768190946291,0.4422299355106013,268,73,195,0.2056760757440716,0.0843820412661516,0.1317397704222091,0.9197418953717904,0.2913147075083436,268,109,159,Mainstream Mid-Tier,Tier 2,966022.3023255814,351919.7824479507,76853.7030013931,0.1044078703801415
Telangana,Ranga Reddy,0.204736814619394,0.46542314967258,0.4350795503416345,312,82,230,0.1516078646466689,0.0681951547233088,0.1016804887225177,0.9041133284063988,0.27532308582323134,312,154,158,Mainstream Mid-Tier,Tier 2,1765580.3333333333,598643.8982402639,122564.44481704828,0.1378262970011656
Telangana,Sangareddy,0.330027935356277,0.529862270823449,0.4586886725364357,23,6,17,0.200493829597006,0.2791898776195783,0.2365921548755763,0.9691707618904796,0.4103728215827265,23,6,17,Established High-Value,Tier 1,1011096.0,323224.8325460375,106673.22414104712,0.1861772232888181
Telangana,Siddipet,0.2173074235347404,0.4670330386326117,0.4348397699914837,270,75,195,0.2009888084456221,0.0832916296970836,0.1293858006363559,0.9144423074917344,0.28944304160137807,270,118,152,Mainstream Mid-Tier,Tier 2,1011096.0,363952.2675012524,79089.52954032378,0.1061077520043845
Telangana,Suryapet,0.2164212971847543,0.4620909457677802,0.4332539229046803,273,89,184,0.1951652230009695,0.0804586343746286,0.1253105235807347,0.9098880038284276,0.28787376970189593,273,124,149,Mainstream Mid-Tier,Tier 2,1162936.3333333333,423537.5442183164,91662.54472617326,0.1193868277877633
Telangana,Vikarabad,0.3265732427357232,0.5240364272821808,0.4552696564584023,27,8,19,0.2053501885475673,0.2522792760254795,0.2276084288827547,0.9516595261985722,0.40429144360838654,27,9,18,Established High-Value,Tier 1,1765580.3333333333,578079.290673548,188785.22851362728,0.3108282831152558
Telangana,Wanaparthy,0.2024041451842694,0.439221387919238,0.400183356303651,319,158,161,0.1717878433667106,0.0740004389373981,0.1127491721177835,0.9100642387531508,0.27388305294011955,319,160,159,Mainstream Mid-Tier,Tier 2,1013257.0,306296.684801388,61995.718660000544,0.0777443827480815
Telangana,Warangal Rural,0.3025571693865479,0.5179709248909802,0.4568025612967656,78,12,66,0.2216584758924227,0.2353731517934105,0.2284129026402038,0.9562917482195268,0.38097020356235445,78,17,61,Established High-Value,Tier 1,702515.2000000001,261468.04562428332,79109.03176911593,0.1375330184293787
Telangana,Warangal Urban,0.182961196744382,0.4573170551584529,0.4095909180927646,401,99,302,0.131996163717822,0.0746959817000647,0.0992954330749666,0.9172401701480152,0.25551649420946176,401,203,198,Mainstream Mid-Tier,Tier 3,702515.2000000001,224503.05179982385,41075.347030061756,0.0503327957860509
Telangana,Yadadri Bhuvanagiri,0.2099112592492265,0.4564356476819367,0.4261349834933232,294,102,192,0.18629526347231,0.0735741852025321,0.1170748573224253,0.9077997029262254,0.2810504866310378,294,136,158,Mainstream Mid-Tier,Tier 2,1162936.3333333333,392609.1755917628,82413.08644126762,0.1042187860106935
Tripura,Dhalai,0.1744358010741238,0.3668504372442706,0.3573418330626883,466,469,3,0.1606695214610926,0.0673110003579313,0.1039943566573506,0.5383907985600709,0.19016369280101195,466,379,87,"Small Underserved, Chronic-Leaning",Tier 3,378230.0,113644.9498839482,19823.747871035157,0.0267688312050842
Tripura,Gomati,0.1873182096438063,0.3889627075191829,0.3779219518518484,374,366,8,0.1729986343276325,0.079118343540583,0.1169930142477974,0.669769451066746,0.22275289924669572,374,286,88,"Small Underserved, Chronic-Leaning",Tier 3,438000.5,141934.77138819447,26586.96726263953,0.0369412882613102
Tripura,Khowai,0.177382226100105,0.3681795620142857,0.3781039676529629,446,464,18,0.168004096857158,0.0551573693621507,0.0962635134654081,0.6428927103740628,0.20878540459909195,446,312,134,Mainstream Mid-Tier,Tier 3,575246.3333333333,198324.30873547136,35179.20737326241,0.0437754990236167
Tripura,North Tripura,0.1689837281172289,0.3750301579969381,0.3751147118810374,503,435,68,0.1546780352475244,0.0645097078728998,0.09989111506121,0.6530651740590628,0.20191277616896583,503,332,171,"Small Underserved, Chronic-Leaning",Tier 3,346973.5,119987.75313395027,20275.977852984634,0.0271613579524569
Tripura,Sepahijala,0.1877680038751873,0.3968648649657345,0.3883289248996293,371,330,41,0.165733623453549,0.0741654204261612,0.1108679568774655,0.6675566145465761,0.22287076800005123,371,285,86,Mainstream Mid-Tier,Tier 3,575246.3333333333,189987.93197592,35673.65474749337,0.0469148404156512
Tripura,South Tripura,0.2982763382339645,0.4789719516490994,0.4424112387275774,85,49,36,0.199877464996411,0.2547585783924221,0.2256557086252568,0.7313120905496204,0.3429424237592851,85,30,55,Established High-Value,Tier 1,438000.5,159331.67632409782,47524.86897863115,0.0860834148066827
Tripura,Unakoti,0.1693717753099486,0.3703546552775436,0.3693263112935797,500,454,46,0.147543284438164,0.0707240253062356,0.1021511379396717,0.6558171101761079,0.2027136137792423,500,328,172,"Small Underserved, Chronic-Leaning",Tier 3,346973.5,116428.4375957201,19719.691172150677,0.0264696570953323
Tripura,West Tripura,0.172630897829882,0.3780327667313409,0.3887369251631984,481,419,62,0.1580432620087997,0.0515097799893271,0.0902262359564493,0.6458414256360965,0.204476383618174,481,324,157,Mainstream Mid-Tier,Tier 3,575246.3333333333,203026.1248278419,35048.582211952045,0.0423789872165219
Uttar Pradesh,Agra,0.2958148279066788,0.4329861206127647,0.3864539401674338,97,169,72,0.0983222798179106,0.2267780074156107,0.1493229074913353,0.2929060294205227,0.2747200042626347,97,157,-60,Established High-Value,Tier 1,4418797.0,903197.7720175878,267179.29349507845,0.3715532204328761
Uttar Pradesh,Aligarh,0.3067259178413757,0.4482869154896325,0.4116954459798214,67,127,60,0.104870006814973,0.2454447035202054,0.1604362419494516,0.3026564924958098,0.2870936636586247,67,127,-60,Established High-Value,Tier 1,3673889.0,895852.5866327322,274781.20688549534,0.4019776326689051
Uttar Pradesh,Ambedkar Nagar,0.1905960379113717,0.3624346938677211,0.3715063935540706,357,483,126,0.1141740255113182,0.055197644338925,0.0793860016181511,0.2482008657723182,0.16279543972009694,357,513,-156,Mainstream Mid-Tier,Tier 3,2397888.0,667713.8608582474,127263.61633808688,0.1190516177538719
Uttar Pradesh,Amethi,0.1680923189613248,0.3381364663981512,0.3379855092538065,507,571,64,0.0867316413933043,0.051883360599746,0.0670815103125791,0.4106992390613069,0.16466647676339832,507,498,9,Mainstream Mid-Tier,Tier 3,1361230.6226415094,335496.2973075121,56394.35061735777,0.0508486110520084
Uttar Pradesh,Auraiya,0.2850012772135868,0.4194483362612395,0.3709023818018083,136,221,85,0.1018086259113905,0.2446985891177789,0.1578367103070037,0.3058242323157258,0.2658441840038232,136,182,-46,Established High-Value,Tier 1,1379545.0,282644.40509447624,80554.01644920015,0.1260251512159599
Uttar Pradesh,Azamgarh,0.2127908761556899,0.3920806077321287,0.4017047240542234,280,354,74,0.1238452014954321,0.0642532325440797,0.0892045656407474,0.2278605481623451,0.18193923032291917,280,413,-133,Mainstream Mid-Tier,Tier 2,4613913.0,1362754.6781975594,289981.7619589239,0.2719600882763462
Uttar Pradesh,Baghpat,0.1450036675118809,0.3156744310228605,0.3231449531300695,629,650,21,0.0683456508346925,0.0224576666244937,0.0391775936177756,0.1829634641773693,0.10741745908136381,629,694,-65,Mainstream Mid-Tier,Tier 4,1303048.0,303983.6906763123,44078.75001186244,0.0290656059073886
Uttar Pradesh,Bahraich,0.2939680610641031,0.4005506070901549,0.3761870018960709,106,314,208,0.1106119020920193,0.2249303314830048,0.1577338638451603,0.2935281966204798,0.2729665625000526,106,164,-58,Established High-Value,Tier 1,3487731.0,947035.1951481752,278398.1000771736,0.3970678291334173
Uttar Pradesh,Ballia,0.2924017605072215,0.4324176198276009,0.3900178255991264,111,171,60,0.1002199195190808,0.2273156618244179,0.1509356065793282,0.2884801402228443,0.27064305348352563,111,169,-58,Established High-Value,Tier 1,3239774.0,771780.8498600294,225670.07922483218,0.3235587648758392
Uttar Pradesh,Balrampur,0.3110114520294407,0.4143474631825821,0.3870954752553924,59,247,188,0.1339427030513583,0.25786161168238,0.1858458535505102,0.3036451735718357,0.2915275000080936,59,107,-48,Established High-Value,Tier 1,2148665.0,571328.45199952,177689.6914421033,0.2788066333174698
Uttar Pradesh,Banda,0.1838960130456026,0.3247349365527927,0.3325152452629281,393,621,228,0.1164041622858433,0.0535852833925999,0.0789781616914771,0.2889156396988573,0.16220263094330872,393,516,-123,Mainstream Mid-Tier,Tier 3,1799410.0,458071.6586040809,84237.55170647688,0.0809094557259607
Uttar Pradesh,Bara Banki,0.1831489291691906,0.3280258453605054,0.3305313957246519,400,608,208,0.0819508897448772,0.0490067049448521,0.063373046902412,0.21517358106021,0.1503942382710996,400,570,-170,Mainstream Mid-Tier,Tier 3,3260699.0,770575.1573728429,141130.0149172167,0.1103383714691636
Uttar Pradesh,Bareilly,0.1853156765185045,0.351692729475784,0.3404806187917153,385,528,143,0.0658071965375539,0.0498081600678648,0.057251509838256,0.2320101955400663,0.15508647779239196,385,551,-166,Mainstream Mid-Tier,Tier 3,4448359.0,861914.2710047149,159726.22623219236,0.1139200378224385
Uttar Pradesh,Basti,0.2947353566677742,0.4416420466255406,0.4042437369559855,101,150,49,0.1152619471672043,0.2339036997426807,0.1641956025049225,0.298920056024755,0.27454263701436493,101,158,-57,Established High-Value,Tier 1,2464464.0,673546.7619064599,198518.04510292484,0.2961212564181249
Uttar Pradesh,Bijnor,0.1851018099539897,0.3714072489223495,0.3650952653757808,387,450,63,0.073077009434972,0.0513715266033389,0.0612705274522842,0.2215583001380509,0.15330482691757485,387,556,-169,Mainstream Mid-Tier,Tier 3,3682713.0,839090.023297604,155317.08202672188,0.1188633606458603
Uttar Pradesh,Budaun,0.2774594836295067,0.3852703264245071,0.3434380919985116,165,387,222,0.0858810961232892,0.2063690103783963,0.1331284973894587,0.44152282953405,0.2786571800024917,165,142,23,Established High-Value,Tier 1,3681896.0,680991.4080903066,188947.5244448671,0.2551937949480765
Uttar Pradesh,Bulandshahr,0.2748539403390853,0.4360892949226093,0.4099070705676889,173,163,10,0.1000300283363108,0.1948668747767758,0.1396156832369817,0.2703188172296107,0.2503710348664044,173,212,-39,Established High-Value,Tier 1,3499171.0,915074.9307572033,251511.95042413293,0.3393695605617707
Uttar Pradesh,Chandauli,0.1779465735808691,0.3362536671241786,0.3373386277909661,444,583,139,0.1004882544011249,0.0482979953712619,0.0696662130873476,0.2031536053830359,0.143388886331202,444,597,-153,Mainstream Mid-Tier,Tier 3,1952756.0,456403.5377212734,81215.44570768754,0.0717812053961215
Uttar Pradesh,Chitrakoot,0.1473548209045631,0.279156310197043,0.2661326402522463,619,697,78,0.0694827382589996,0.0374509709653456,0.0510117242712937,0.2102324464336624,0.11385895981248996,619,684,-65,Mainstream Mid-Tier,Tier 4,991730.0,148665.0840095706,21906.516828992102,0.017251177844473
Uttar Pradesh,Deoria,0.1965427750229785,0.3633618059835302,0.3533313917816957,338,480,142,0.1021335376277628,0.0618642669290986,0.0794884673032324,0.2300827644587001,0.16602446163466103,338,494,-156,Mainstream Mid-Tier,Tier 2,3100946.0,670098.6612119484,131703.05041377907,0.1203873652773109
Uttar Pradesh,Etah,0.2589151239708895,0.4005630608352934,0.3523814873057753,206,313,107,0.0812488625388597,0.2016844241793092,0.1280102732454461,0.3095905773019636,0.24032298250906156,206,241,-35,Established High-Value,Tier 2,1774480.0,364889.7901003777,94475.48523955114,0.1337998880777209
Uttar Pradesh,Etawah,0.2705272527319524,0.4173028797766098,0.3680149852764237,187,228,41,0.0873002869719375,0.2227176827667894,0.1394392972560664,0.2949154365080103,0.24973384015103145,187,214,-27,Established High-Value,Tier 2,1581810.0,326831.3752962909,88416.79406551126,0.1314158077376853
Uttar Pradesh,Faizabad,0.1812273750042649,0.3564906682859332,0.357489722322404,418,509,91,0.0836632397911632,0.0541515596172449,0.0673089512421864,0.2306059041239957,0.15078753256574176,418,568,-150,Mainstream Mid-Tier,Tier 3,2470996.0,604969.4605008314,109637.02728431199,0.0925971552285834
Uttar Pradesh,Farrukhabad,0.163383299735478,0.3209410495483683,0.2961802724782686,537,634,97,0.0560782130105854,0.048580673943796,0.0521949938367463,0.243206623869878,0.13483356525883722,537,628,-91,Mainstream Mid-Tier,Tier 4,1885204.0,299282.0499956444,48897.688879886686,0.0366301199484189
Uttar Pradesh,Fatehpur,0.1801783485855225,0.3064796797352553,0.3066549239409725,422,663,241,0.0953107761060309,0.0446274859568328,0.0652187114423977,0.2288260348517821,0.14947152575616734,422,572,-150,Mainstream Mid-Tier,Tier 3,2632733.0,514112.4176682895,92631.9264027828,0.0755993143847499
Uttar Pradesh,Firozabad,0.2610254519334928,0.4085309045104041,0.3666540783834134,203,280,77,0.0822794242250986,0.1926564350676927,0.1259033778364578,0.2692985191911126,0.2363895017550372,203,257,-54,Established High-Value,Tier 2,2498156.0,512784.80375437,133849.88514461185,0.1814515833842725
Uttar Pradesh,Gautam Buddha Nagar,0.1977111063487205,0.3752080925010316,0.3584805257763628,332,432,100,0.0949252274392381,0.0978551274343901,0.0963790445470648,0.2302947613697576,0.16722459249706165,332,487,-155,Mainstream Mid-Tier,Tier 2,1648115.0,409440.2777813104,80950.89030387031,0.0885028011289039
Uttar Pradesh,Ghaziabad,0.1894779510292557,0.3611821855651633,0.3760153233300194,363,492,129,0.1060530617084412,0.0619398818499859,0.0810488378204778,0.4026348776184119,0.18484245461489499,363,402,-39,Mainstream Mid-Tier,Tier 3,2340822.5,643089.7174817545,121851.32199642576,0.1136688805483624
Uttar Pradesh,Ghazipur,0.2785066909368109,0.4192003652994234,0.3759530538787059,157,222,65,0.0868019020064894,0.2064053872826078,0.1338520832879206,0.2930587558126344,0.25743477625158356,157,196,-39,Established High-Value,Tier 1,3620268.0,737090.6192294111,205284.66928214818,0.2788246611786696
Uttar Pradesh,Gonda,0.3131831047474184,0.451724538104835,0.4113085200688198,52,115,63,0.1237989689773159,0.2502915023266696,0.1760279237275301,0.3118751835774835,0.2949336542269184,52,101,-49,Established High-Value,Tier 1,3433919.0,1023956.8878687704,320685.9972702457,0.4798161191344006
Uttar Pradesh,Gorakhpur,0.2049192654934474,0.3790736745197126,0.3731002213354207,311,413,102,0.1008135523734112,0.0650349411670822,0.0809716212475047,0.2300742427329415,0.17439967384626615,311,458,-147,Mainstream Mid-Tier,Tier 2,4440895.0,1082828.150584009,221892.3492733032,0.1967832050299342
Uttar Pradesh,Hamirpur,0.2978102843050748,0.4184715739373486,0.3628018622044154,88,226,138,0.1090334417294851,0.271284348831054,0.1719856570775367,0.3698472059529929,0.2882566371409012,88,122,-34,Established High-Value,Tier 1,1104285.0,209039.3046294039,62254.05474261791,0.1024326958445218
Uttar Pradesh,Hapur,0.1715645335511249,0.3554084254056158,0.3430573008675384,487,514,27,0.0662692173519751,0.0484459748026156,0.0566610698277295,0.4112518131408776,0.16822157746513405,487,482,5,Mainstream Mid-Tier,Tier 3,2340822.5,508763.8092606481,87285.82562349657,0.0669273036814698
Uttar Pradesh,Hardoi,0.2968518629961014,0.3909166595820034,0.3612582944177919,93,360,267,0.100964307455491,0.2272495327678569,0.1514730725095737,0.2787382595698532,0.27363187387445687,93,162,-69,Established High-Value,Tier 1,4092845.0,856252.4738463783,254180.14205631797,0.357964658684915
Uttar Pradesh,Jalaun,0.1445486029578964,0.2896315494908099,0.2830697216767183,632,692,60,0.0578010664961812,0.0185430670988853,0.0327384949932922,0.2710159335158231,0.12017026492814738,632,670,-38,Mainstream Mid-Tier,Tier 4,1689974.0,262826.8081602801,37991.24793945153,0.0212011651390107
Uttar Pradesh,Jaunpur,0.3008953276153396,0.4306520268804738,0.384368106693602,82,181,99,0.1018974091213541,0.2297254549963667,0.1529981329080652,0.2906440250614592,0.279461203317436,82,139,-57,Established High-Value,Tier 1,4494204.0,885682.0158860702,266497.5803330535,0.3749074112515205
Uttar Pradesh,Jhansi,0.1662692011721892,0.3206280334326949,0.3041602678516029,514,637,123,0.0705294592178366,0.0430327747790017,0.0550915450301219,0.2021127990664822,0.13155539297503904,514,636,-122,Mainstream Mid-Tier,Tier 3,1998603.0,344590.67943517806,57294.81700106899,0.0436167212348065
Uttar Pradesh,Jyotiba Phule Nagar,0.2910039420201438,0.4185854213595342,0.3734890290805621,117,225,108,0.0907898527639039,0.2511703807595481,0.1510090126045895,0.2832036810904908,0.26845376612659494,117,176,-59,Established High-Value,Tier 1,1840221.0,363642.1210631424,105821.29071394079,0.1620871383409483
Uttar Pradesh,Kannauj,0.302819637860909,0.4055559690818695,0.3502378934813673,76,291,215,0.1097325621670201,0.2646903404655313,0.1704263748371819,0.2835198049731245,0.2803168805497552,76,138,-62,Established High-Value,Tier 1,1656616.0,272597.26189716544,82547.804129575,0.1311545441684647
Uttar Pradesh,Kanpur Dehat,0.1599104981984787,0.3053824687366045,0.2951844469861269,558,668,110,0.0647357549608043,0.03858745885665,0.0499798787624001,0.2174678128120745,0.1274999420631674,558,647,-89,Mainstream Mid-Tier,Tier 4,1796184.0,298991.6558751868,47811.904648189215,0.0347419682961194
Uttar Pradesh,Kanpur Nagar,0.235336602330896,0.3642581992599578,0.3461812920986034,250,479,229,0.1112046912309876,0.1235905326183752,0.1172341546602342,0.2109787670540827,0.20195268933188593,250,331,-81,Mainstream Mid-Tier,Tier 2,4581268.0,900354.2295094543,211886.30526700674,0.2312457620450303
Uttar Pradesh,Kanshiram Nagar,0.3110296683492615,0.4165390096714657,0.3682832917872782,58,234,176,0.1233372572712701,0.29059645016737,0.1893181690604754,0.301147517347785,0.29117106789430675,58,110,-52,Established High-Value,Tier 1,1436719.0,301430.5376569898,93753.84015779312,0.1535509137512525
Uttar Pradesh,Kaushambi,0.1655162887760295,0.3064353598930346,0.3002309613281304,520,665,145,0.0758190199263564,0.0474861538131128,0.0600029469458161,0.2756566081955039,0.1418340519482326,520,605,-85,Mainstream Mid-Tier,Tier 3,1599596.0,296491.84270649287,49074.22945714499,0.0404700673218021
Uttar Pradesh,Kheri,0.1858389712162897,0.3412564327313484,0.3406619687941229,379,558,179,0.0769163394375913,0.048884409811122,0.0613189192520431,0.2374962303788285,0.15643267771599148,379,544,-165,Mainstream Mid-Tier,Tier 3,4021243.0,888675.6839881254,165150.5748572858,0.1233923739823099
Uttar Pradesh,Kushinagar,0.1954424607467259,0.3769522352553202,0.3654330759863855,340,423,83,0.0862388582029099,0.0630343002949138,0.0737292756308694,0.2360146269103072,0.16581392672614947,340,495,-155,Mainstream Mid-Tier,Tier 2,3564544.0,841061.560822411,164379.14108661405,0.1425462974645245
Uttar Pradesh,Lalitpur,0.1372243767592693,0.271535968785173,0.2698209827655419,654,702,48,0.0565555684645407,0.0184246676035905,0.032280296623347,0.2095078804752814,0.10361983077343902,654,700,-46,Mainstream Mid-Tier,Tier 4,1221592.0,189174.00469807148,25959.28489374794,0.0150224324192468
Uttar Pradesh,Lucknow,0.2121011289835599,0.3659208221946818,0.3775026090505083,281,472,191,0.1091492557399002,0.079008772649209,0.0928641412579912,0.2106984418516546,0.1786751672041856,281,433,-152,Mainstream Mid-Tier,Tier 2,4589838.0,1208793.8253702186,256386.53506937952,0.2394663056606801
Uttar Pradesh,Mahamaya Nagar,0.2888414810157401,0.4326497116768532,0.3953587575509221,122,170,48,0.1332774751582145,0.2301356225598282,0.175133933658608,0.3064246059350388,0.2697744438488734,122,173,-51,Established High-Value,Tier 1,1564708.0,428546.61253172095,123782.0382479408,0.1923679223087921
Uttar Pradesh,Mahoba,0.1581984162158397,0.3381104662144275,0.3370539629834359,568,572,4,0.0819241218956624,0.0527583037896192,0.0657432712197161,0.2234754080748954,0.1266889993699515,568,653,-85,Mainstream Mid-Tier,Tier 4,875958.0,222487.4421756392,35197.16098009934,0.0333717790864619
Uttar Pradesh,Mahrajganj,0.3166057781722888,0.4292957357141589,0.3753846632151982,45,190,145,0.1288711077459484,0.2607027588630871,0.1832949899127385,0.3056127966678452,0.2974169696153431,45,94,-49,Established High-Value,Tier 1,2684703.0,502330.1060627281,159040.6141293584,0.2462886052994569
Uttar Pradesh,Mainpuri,0.2573972879430282,0.3930608571859834,0.3490604935475973,212,349,137,0.084054114209544,0.1959740502654772,0.1283449461534086,0.270929933280371,0.23300604987796136,212,266,-54,Established High-Value,Tier 2,1868529.0,352389.0469904931,90703.98499618124,0.1269002671356489
Uttar Pradesh,Mathura,0.2498004142960086,0.4097283572330201,0.3773852161762046,227,275,48,0.0915510090921631,0.1680200780819549,0.1240258347931873,0.2713072749307261,0.22546577747849503,227,280,-53,Established High-Value,Tier 2,2547184.0,627415.1088400327,156728.5541238155,0.2035940718094939
Uttar Pradesh,Mau,0.1876682508810565,0.3614699994987482,0.3682843066113105,372,490,118,0.1104569058223484,0.0545906225993717,0.0776525032387377,0.226077802472928,0.1565491931948732,372,543,-171,Mainstream Mid-Tier,Tier 3,2205968.0,618534.9496232163,116079.37210459138,0.1084520870742743
Uttar Pradesh,Meerut,0.2100771823382948,0.3863124659733696,0.3827283716601377,292,382,90,0.0968568927528052,0.0910293276958656,0.0938979117446092,0.2089822930797085,0.1763937982431286,292,447,-155,Mainstream Mid-Tier,Tier 2,3443689.0,870824.9783038667,182940.45775188302,0.1813459734101714
Uttar Pradesh,Mirzapur,0.1818773288238373,0.3498800266567377,0.3506807315156232,412,534,122,0.090918465459005,0.0512374391425835,0.0682526874261582,0.2314031269963078,0.151557069816161,412,564,-152,Mainstream Mid-Tier,Tier 3,2496970.0,625884.143540124,113834.13618027291,0.0964775485829748
Uttar Pradesh,Moradabad,0.3060709265010051,0.4491214352221006,0.4125083806153471,69,125,56,0.1107098759614691,0.2419338366759188,0.1636596011521271,0.4747945441564603,0.31225938006735166,69,66,3,Established High-Value,Tier 1,3642752.6717557255,879377.7790752379,269151.97158595425,0.3935289853044414
Uttar Pradesh,Muzaffarnagar,0.2454244531548354,0.3854776832805602,0.3740549474258176,235,386,151,0.0900538882843962,0.1524923117231406,0.1171858592328657,0.423698854492648,0.2439485532716101,235,230,5,Established High-Value,Tier 2,3222731.5555555555,778289.1640979846,191011.1924950818,0.2342392451048475
Uttar Pradesh,Pilibhit,0.2808160293663913,0.4081721987941784,0.3692261992973262,151,282,131,0.1000628397775423,0.2259562566236045,0.1503656367101905,0.2850860283711964,0.25854820556494823,151,194,-43,Established High-Value,Tier 1,2031007.0,464523.9678212816,130445.77618909361,0.1926783319908007
Uttar Pradesh,Pratapgarh,0.1863703220784496,0.3657755486511747,0.3713775120571861,378,473,95,0.0843668886450781,0.0524325440849082,0.0665099286436965,0.2873479695703926,0.164441789456886,378,501,-123,Mainstream Mid-Tier,Tier 3,3209141.0,813374.9459856974,151588.950653896,0.1237671988273946
Uttar Pradesh,Prayagraj,0.2117059257599589,0.3459549424437831,0.3548524209521403,283,545,262,0.1052579510013421,0.0697383901393352,0.0856768349800494,0.2099313324121395,0.1781648975646573,283,435,-152,Mainstream Mid-Tier,Tier 2,5954391.0,1272275.931806735,269348.35396525916,0.233195580306936
Uttar Pradesh,Rae Bareli,0.1784634509680569,0.3258234217537954,0.3211035265254874,440,619,179,0.0753696300279857,0.0429946714150105,0.0569253236945048,0.3941342539847795,0.17255286100865136,440,466,-26,Mainstream Mid-Tier,Tier 3,3405559.0,677396.3529114046,120890.49081374503,0.0874236150857416
Uttar Pradesh,Rampur,0.1828218305839246,0.3693609794856384,0.3571500432196299,404,459,55,0.0768317302036266,0.0623412755081855,0.0692082947369379,0.2325854256659921,0.15267891637670092,404,558,-154,Mainstream Mid-Tier,Tier 3,2335819.0,568342.0705284307,103905.33773186569,0.0909749849492634
Uttar Pradesh,Saharanpur,0.2928292307282661,0.4477160485000521,0.4083862650409983,110,129,19,0.094848258514323,0.2284025294352509,0.1471855365081771,0.2864183224528478,0.2707612510390708,110,168,-58,Established High-Value,Tier 1,3466382.0,827348.1100688091,242271.71061593422,0.3447780026471224
Uttar Pradesh,Sambhal,0.2975045579746475,0.4131813679398658,0.3641152883119937,90,256,166,0.0929689190958725,0.2794351609212863,0.1611793562098856,0.478913630039025,0.30431087442337873,90,80,10,Established High-Value,Tier 1,1129253.328244275,224906.85588431687,66910.81474533143,0.1097676155979931
Uttar Pradesh,Sant Kabir Nagar,0.171512886397044,0.3506193494895221,0.3475834360050482,488,531,43,0.0795648790260326,0.052995165924338,0.0649349980036535,0.2398890625983032,0.142465517729667,488,602,-114,Mainstream Mid-Tier,Tier 3,1715183.0,428233.67455681466,73447.59357565167,0.0633467843190922
Uttar Pradesh,Sant Ravidas Nagar (Bhadohi),0.1664243680826866,0.3365833953044885,0.3241229847068195,513,581,68,0.0739123817284273,0.0499725841904115,0.0607749349537921,0.2468345286459077,0.13841881932245026,513,617,-104,Mainstream Mid-Tier,Tier 3,1578213.0,310227.7869275708,51629.463401111316,0.0432775008468169
Uttar Pradesh,Shahjahanpur,0.2776720124836166,0.4075347270079524,0.3606957975137868,164,284,120,0.08457758741581,0.2135186868550395,0.1343833896074626,0.2915485384115676,0.2563735651882293,164,200,-36,Established High-Value,Tier 1,3006538.0,591079.9128792677,164126.34894782703,0.228175283129371
Uttar Pradesh,Shamli,0.1386238653747542,0.3077030996216241,0.3165955607332406,651,660,9,0.0687611374897997,0.02342542730956,0.0401342625195725,0.3966509098905603,0.13309077380121576,651,630,21,Mainstream Mid-Tier,Tier 4,920780.4444444444,210693.3701195532,29207.129374806205,0.0206369256577044
Uttar Pradesh,Shrawasti,0.2653206972619003,0.3698594245840781,0.3364915694854982,197,457,260,0.1049532469602263,0.2187280207961683,0.1515130884898785,0.297486778481246,0.24491298597696468,197,229,-32,Established High-Value,Tier 2,1117361.0,256558.8333169669,68070.3685443573,0.1045226915559684
Uttar Pradesh,Siddharthnagar,0.3103944769056105,0.4149538300298428,0.3837767268730848,62,244,182,0.1149304767342223,0.261233302420271,0.1732733908770098,0.290199011363304,0.28889360055298363,62,121,-59,Established High-Value,Tier 1,2559297.0,621890.8616125282,193031.48868260012,0.2967396121133478
Uttar Pradesh,Sitapur,0.3124060102148002,0.409804766237983,0.378782096201092,54,273,219,0.1166879722912033,0.2431277119019662,0.1684341999406305,0.2815889604591843,0.28961362622655534,54,117,-63,Established High-Value,Tier 1,4483992.0,1096496.6951029792,342552.15773083596,0.4961280676961303
Uttar Pradesh,Sonbhadra,0.1703872213426461,0.3202391441777272,0.3225915939829971,496,641,145,0.0814365118948743,0.0471578621924843,0.0619707334584245,0.2244778341644236,0.13902816841018717,496,616,-120,Mainstream Mid-Tier,Tier 3,1862559.0,423836.1263817467,72216.2598788164,0.0596377837768177
Uttar Pradesh,Sultanpur,0.2015574375638991,0.3713739855721616,0.3823906975718493,322,451,129,0.1329385627917561,0.0628943533691975,0.0914389684140081,0.4157534477779275,0.19888972667346574,322,344,-22,Mainstream Mid-Tier,Tier 2,2435886.3773584906,690020.0435594535,139078.67184757348,0.1415399934888972
Uttar Pradesh,Unnao,0.2993602888073414,0.4026429553215374,0.3744986563713914,84,301,217,0.1227836992516387,0.2298772011022079,0.1680034914070002,0.2704953777721486,0.27490386741604117,84,155,-71,Established High-Value,Tier 1,3108367.0,726852.2948113219,217590.71289499616,0.3190842746706007
Uttar Pradesh,Varanasi,0.1884039474364937,0.3466071375525751,0.3524510702333019,367,543,176,0.1030781447738225,0.0425698186036924,0.0662421159461771,0.194533966191411,0.15255331430808286,367,559,-192,Mainstream Mid-Tier,Tier 3,3676841.0,887623.1656147833,167231.70823790177,0.1332102941185706
Uttarakhand,Almora,0.1799140440570252,0.4706023271276592,0.4272511263188988,424,60,364,0.1268942925316378,0.0743563600228925,0.0971359753146727,0.748569729407178,0.22716877541097943,424,275,149,Mainstream Mid-Tier,Tier 3,622506.0,190079.63367348423,34197.99558707445,0.0423735088110339
Uttarakhand,Bageshwar,0.1295811343891106,0.3919955888286196,0.3542763938131898,672,356,316,0.1041391056279299,0.0313091051023073,0.0571008073792756,0.6914070068485387,0.1682614573592689,672,481,191,"Small Underserved, Chronic-Leaning",Tier 4,259898.0,69392.62192950444,8991.974667859859,0.0098725851703503
Uttarakhand,Chamoli,0.1340158297594412,0.3906507474370393,0.3427439111936191,663,362,301,0.0942993070512921,0.0291156759416866,0.0523983593791927,0.6938845402206013,0.1730677827354089,663,462,201,"Small Underserved, Chronic-Leaning",Tier 4,391605.0,88681.16179045681,11884.679481379322,0.0116794325933938
Uttarakhand,Champawat,0.1257713584790644,0.3708045460817297,0.3303257828993503,683,453,230,0.1017668291613516,0.0265848953052625,0.0520140413619541,0.6812173357396573,0.1629232307828905,683,512,171,"Small Underserved, Chronic-Leaning",Tier 4,259648.0,60156.18477624176,7565.925080225539,0.0079832256890492
Uttarakhand,Dehradun,0.1838547034320573,0.4238764598844857,0.3886544944202023,394,207,187,0.1166204988391266,0.0563461050450277,0.0810623888001887,0.6602749470013894,0.2178652174251432,394,292,102,Mainstream Mid-Tier,Tier 3,1696694.0,466841.5845297971,85831.02107347755,0.0838663437440173
Uttarakhand,Haridwar,0.2007075121188611,0.4524232652201607,0.4016021991373491,324,114,210,0.1201638865727416,0.07762618489588,0.0965808680686977,0.6792549810678741,0.23756503122191971,324,253,71,Mainstream Mid-Tier,Tier 2,1890422.0,529671.113705397,106308.97147303662,0.1146399954634265
Uttarakhand,Nainital,0.1779314839424831,0.4424708524981265,0.3955673247106601,445,148,297,0.1119439911242717,0.0654328537034448,0.0855851318525256,0.7030085031003102,0.21835203135040712,445,291,154,Mainstream Mid-Tier,Tier 3,954605.0,262443.85272411886,46697.024166784955,0.0512362719661788
Uttarakhand,Pauri Garhwal,0.156669877180164,0.4092121323036359,0.3766870459742989,576,278,298,0.109519299793255,0.0414943819828289,0.0674124295669076,0.6596449684453138,0.19058589438983858,576,375,201,Mainstream Mid-Tier,Tier 4,687271.0,191916.18827536897,30067.48564598729,0.0305172603864125
Uttarakhand,Pithoragarh,0.137743929690938,0.3897710395690533,0.3503643632716803,653,364,289,0.0975845793162633,0.0269929901231787,0.0513234798670009,0.6932934493264692,0.17670721903278588,653,443,210,Mainstream Mid-Tier,Tier 4,483439.0,120016.13383216428,16531.49390035584,0.0155933189309885
Uttarakhand,Rudraprayag,0.1275218927883025,0.3924485047287552,0.3582863135735154,677,353,324,0.1056289999596742,0.0293226385373733,0.0556535801623017,0.6844181170323199,0.165153882286028,677,496,181,"Small Underserved, Chronic-Leaning",Tier 4,242285.0,65433.02304536911,8344.142949606086,0.0092129500145308
Uttarakhand,Tehri Garhwal,0.1615282939574404,0.4300061117724332,0.3793816021936639,551,185,366,0.1018583767862524,0.0571779216399455,0.0763154655771448,0.6916020942351164,0.20023788003558537,551,336,215,Mainstream Mid-Tier,Tier 4,618931.0,160741.42430115477,25964.28803565458,0.0284244448795517
Uttarakhand,Udham Singh Nagar,0.1947308471911991,0.4492216385918026,0.4083095477021595,343,123,220,0.1219751960707333,0.0711474326740882,0.0931569753177464,0.6984032968949838,0.23446061366832419,343,263,80,Mainstream Mid-Tier,Tier 2,1648902.0,483649.3639685677,94181.4503890838,0.1008938040075242
Uttarakhand,Uttarkashi,0.1297296833629989,0.371529713373132,0.3221892941613661,671,448,223,0.0958907099192267,0.0286919865327426,0.0524527878917563,0.6605723662034542,0.16378481023639452,671,506,165,"Small Underserved, Chronic-Leaning",Tier 4,330086.0,71137.0937551728,9228.592648222533,0.009244734389426
West Bengal,Bankura,0.3419225705115951,0.4824475524694727,0.4529278982591266,12,43,31,0.1390223229470605,0.2894577256427184,0.2006018081020797,0.3063914477920106,0.3228505596232742,12,50,-38,Established High-Value,Tier 1,3596674.0,1150949.4536865458,393535.5957334198,0.6199677453354046
West Bengal,Birbhum,0.3177518222980294,0.4678222134576333,0.4317043276290213,43,71,28,0.1221342664425911,0.2574729410868837,0.177330958347557,0.3380953080111242,0.30343539044257556,43,81,-38,Established High-Value,Tier 1,3502404.0,984362.9237163236,312783.1128134779,0.4715800700019699
West Bengal,Dakshin Dinajpur,0.1828601822785003,0.3759531537929583,0.3831645158848569,403,428,25,0.1048494821669673,0.0581207065969525,0.0780636022091519,0.2449362076193089,0.15456988536427413,403,552,-149,Mainstream Mid-Tier,Tier 3,1676276.0,475038.2783439981,86865.58616724846,0.0844519158692236
West Bengal,Darjeeling,0.1977321205121354,0.3990011251742348,0.4152184302902126,331,320,11,0.1262744117896098,0.0691928796721872,0.0934734731388253,0.2797157806765746,0.1746587595564991,331,455,-124,Mainstream Mid-Tier,Tier 2,1846823.0,644769.3217388452,127491.60522859314,0.1355087026816257
West Bengal,Haora,0.2052172049264617,0.4126022313873564,0.4233340060069601,308,259,49,0.0982645267664505,0.0625522439335133,0.0784006801520642,0.2415888762262098,0.17642480830327067,308,446,-138,Mainstream Mid-Tier,Tier 2,4850029.0,1625095.6578563033,333497.58864340006,0.2889496447124798
West Bengal,Hugli,0.2119145863811013,0.4134951811504735,0.4320383590540473,282,252,30,0.1157553446223761,0.0600611981744193,0.0833810811462213,0.2632590241577037,0.18637271194763438,282,395,-113,Mainstream Mid-Tier,Tier 2,5519145.0,1867025.1799846052,395649.86877953884,0.3507128684814155
West Bengal,Jalpaiguri,0.2056424433903342,0.398533888893324,0.4076532950064371,307,322,15,0.1093288783743021,0.0658602613102589,0.0848553386563807,0.1938705673796177,0.16969230044015435,307,476,-169,Mainstream Mid-Tier,Tier 2,3872846.0,1160634.434708137,238675.7010363406,0.2214731143223434
West Bengal,Koch Bihar,0.1899025430077679,0.3845959480702928,0.3913728642729959,359,393,34,0.1010607477474835,0.0539702023990582,0.0738530230290666,0.2308287062331762,0.15949612088562184,359,525,-166,Mainstream Mid-Tier,Tier 3,2819086.0,811480.4854086845,154102.20778028708,0.1362942484685158
West Bengal,Kolkata,0.2697677450987982,0.3970011785020212,0.4226359120675336,190,329,139,0.1610181369185971,0.1671310217219686,0.1640461085761347,0.236148807700555,0.24015933819675894,190,242,-52,Mainstream Mid-Tier,Tier 2,4496694.0,1531097.0758151822,413040.60567002534,0.5277944325087188
West Bengal,Maldah,0.1923160184026919,0.3780304295093787,0.3838557042303877,350,420,70,0.0893156714364837,0.0527233798489329,0.0686223292493647,0.2383367916501461,0.16303580909309134,350,511,-161,Mainstream Mid-Tier,Tier 2,3988845.0,1093344.000542872,210267.56492887574,0.17015087278172
West Bengal,Murshidabad,0.3457459202385408,0.4920129642387149,0.4560477505389352,11,29,18,0.1230326740697791,0.2785607896427627,0.185127196383293,0.2724572233874871,0.3215837756895414,11,53,-42,Established High-Value,Tier 1,7103807.0,1933090.073513518,668358.0063709198,0.9900864882464276
West Bengal,Nadia,0.2023783187351657,0.4021497544709935,0.4069897399033551,320,305,15,0.0915900783933147,0.0588096723545904,0.073391978452976,0.2476465667617759,0.1744945756923096,320,457,-137,Mainstream Mid-Tier,Tier 2,5167600.0,1514595.4359637543,306521.27789429994,0.2533524983252019
West Bengal,North Twenty Four Parganas,0.2035602661271881,0.3877172065038257,0.4070864093580226,317,377,60,0.0963340620980835,0.034529325192518,0.0576745191336776,0.213363589317114,0.17053407646763272,317,474,-157,Mainstream Mid-Tier,Tier 2,10009781.0,2933973.965536728,597240.5212348978,0.3965621534319549
West Bengal,Paschim Barddhaman,0.349982977053116,0.4790423946363757,0.4444517441367491,10,48,38,0.1443522195398523,0.2995832002838885,0.2079555238454401,0.4567000832390637,0.353457261481853,10,24,-14,Established High-Value,Tier 1,3858781.5,1123384.0046195495,393165.2783106013,0.6237754975903298
West Bengal,Paschim Medinipur,0.20725765836568,0.3871545275476062,0.3997282872325015,302,378,76,0.1021004774198245,0.057609008743845,0.076693593581403,0.2386632784182957,0.17802642207130187,302,437,-135,Mainstream Mid-Tier,Tier 2,5913457.0,1721817.7159940489,356859.90794947,0.296894462029631
West Bengal,Purba Barddhaman,0.203958722046725,0.3914434683520125,0.399368139962231,316,357,41,0.1048225343331771,0.0676553612648416,0.0842128637976845,0.3961652782619636,0.19835278572889706,316,349,-33,Mainstream Mid-Tier,Tier 2,3858781.5,1177100.4504517757,240079.9035947685,0.2198410390797491
West Bengal,Purba Medinipur,0.2106308796233481,0.3974188752099442,0.4055787005656793,288,327,39,0.1091688514308478,0.0655721654815089,0.0846075528038118,0.2332472969112387,0.1805872461029114,288,421,-133,Mainstream Mid-Tier,Tier 2,5095875.0,1618168.774965134,340836.31244994176,0.3055777708598833
West Bengal,Puruliya,0.3202341931092688,0.4318961486516207,0.410878466956844,38,175,137,0.1329125207405344,0.2642166353589602,0.1873971692079206,0.3019427259389403,0.30049487394298735,38,89,-51,Established High-Value,Tier 1,2930115.0,874658.6086356326,280095.5937825075,0.432786131803367
West Bengal,South Twenty Four Parganas,0.2099535958217453,0.411505304554981,0.4196309101553562,293,265,28,0.0947182276912825,0.0530195505540494,0.0708654913301807,0.2452060703302867,0.18170377831416581,293,416,-123,Mainstream Mid-Tier,Tier 2,8161961.0,2337757.104739265,490820.51029784116,0.3790174471688289
West Bengal,Uttar Dinajpur,0.3317423937482554,0.4784184807143941,0.4391942260635733,19,51,32,0.1185866900941864,0.2877033995452417,0.1847100264764084,0.2796426785661084,0.3086580674760492,19,71,-52,Established High-Value,Tier 1,3007134.0,828565.0567926349,274870.1553165479,0.4329004652192378
